Date,Line_all,value,Line
2019-10-06,Pred,0,Pred
2019-10-06,lower.confint,-0.0890981094315166,0.95 confint
2019-10-06,upper.confint,0.0890981094315166,0.95 confint
2019-10-07,Pred,0,Pred
2019-10-07,lower.confint,-0.0927471300501086,0.95 confint
2019-10-07,upper.confint,0.0927471300501086,0.95 confint
2019-10-08,Pred,0,Pred
2019-10-08,lower.confint,-0.0999432338615918,0.95 confint
2019-10-08,upper.confint,0.0999432338615918,0.95 confint
2019-10-09,Pred,0,Pred
2019-10-09,lower.confint,-0.0944588130798869,0.95 confint
2019-10-09,upper.confint,0.0944588130798869,0.95 confint
2019-10-10,Pred,0,Pred
2019-10-10,lower.confint,-0.103531009031544,0.95 confint
2019-10-10,upper.confint,0.103531009031544,0.95 confint
2019-10-11,Pred,0,Pred
2019-10-11,lower.confint,-0.0976525868863652,0.95 confint
2019-10-11,upper.confint,0.0976525868863652,0.95 confint
2019-10-12,Pred,0,Pred
2019-10-12,lower.confint,-0.100967606644924,0.95 confint
2019-10-12,upper.confint,0.100967606644924,0.95 confint
2019-10-13,Pred,0,Pred
2019-10-13,lower.confint,-0.0954171069847564,0.95 confint
2019-10-13,upper.confint,0.0954171069847564,0.95 confint
2019-10-14,Pred,0,Pred
2019-10-14,lower.confint,-0.0902058687559757,0.95 confint
2019-10-14,upper.confint,0.0902058687559757,0.95 confint
2019-10-15,Pred,0,Pred
2019-10-15,lower.confint,-0.0860079724916241,0.95 confint
2019-10-15,upper.confint,0.0860079724916241,0.95 confint
2019-10-16,Pred,0,Pred
2019-10-16,lower.confint,-0.0857238532843731,0.95 confint
2019-10-16,upper.confint,0.0857238532843731,0.95 confint
2019-10-17,Pred,0,Pred
2019-10-17,lower.confint,-0.0840384856014118,0.95 confint
2019-10-17,upper.confint,0.0840384856014118,0.95 confint
2019-10-18,Pred,0,Pred
2019-10-18,lower.confint,-0.0804493029343825,0.95 confint
2019-10-18,upper.confint,0.0804493029343825,0.95 confint
2019-10-19,Pred,0,Pred
2019-10-19,lower.confint,-0.078102560691009,0.95 confint
2019-10-19,upper.confint,0.078102560691009,0.95 confint
2019-10-20,Pred,0,Pred
2019-10-20,lower.confint,-0.0742408842025985,0.95 confint
2019-10-20,upper.confint,0.0742408842025985,0.95 confint
2019-10-21,Pred,0,Pred
2019-10-21,lower.confint,-0.0791092895370724,0.95 confint
2019-10-21,upper.confint,0.0791092895370724,0.95 confint
2019-10-22,Pred,0,Pred
2019-10-22,lower.confint,-0.0751977906873943,0.95 confint
2019-10-22,upper.confint,0.0751977906873943,0.95 confint
2019-10-23,Pred,0,Pred
2019-10-23,lower.confint,-0.0765286539011413,0.95 confint
2019-10-23,upper.confint,0.0765286539011413,0.95 confint
2019-10-24,Pred,0,Pred
2019-10-24,lower.confint,-0.103488027369235,0.95 confint
2019-10-24,upper.confint,0.103488027369235,0.95 confint
2019-10-25,Pred,0,Pred
2019-10-25,lower.confint,-0.0977249904682198,0.95 confint
2019-10-25,upper.confint,0.0977249904682198,0.95 confint
2019-10-26,Pred,0,Pred
2019-10-26,lower.confint,-0.191046823003214,0.95 confint
2019-10-26,upper.confint,0.191046823003214,0.95 confint
2019-10-27,Pred,0,Pred
2019-10-27,lower.confint,-0.19146763589451,0.95 confint
2019-10-27,upper.confint,0.19146763589451,0.95 confint
2019-10-28,Pred,0,Pred
2019-10-28,lower.confint,-0.182228967300768,0.95 confint
2019-10-28,upper.confint,0.182228967300768,0.95 confint
2019-10-29,Pred,0,Pred
2019-10-29,lower.confint,-0.175190576066309,0.95 confint
2019-10-29,upper.confint,0.175190576066309,0.95 confint
2019-10-30,Pred,0,Pred
2019-10-30,lower.confint,-0.165860341963393,0.95 confint
2019-10-30,upper.confint,0.165860341963393,0.95 confint
2019-10-31,Pred,0,Pred
2019-10-31,lower.confint,-0.15842752446017,0.95 confint
2019-10-31,upper.confint,0.15842752446017,0.95 confint
2019-11-01,Pred,0,Pred
2019-11-01,lower.confint,-0.148706903450641,0.95 confint
2019-11-01,upper.confint,0.148706903450641,0.95 confint
2019-11-02,Pred,0,Pred
2019-11-02,lower.confint,-0.140332556952128,0.95 confint
2019-11-02,upper.confint,0.140332556952128,0.95 confint
2019-11-03,Pred,0,Pred
2019-11-03,lower.confint,-0.131991620155268,0.95 confint
2019-11-03,upper.confint,0.131991620155268,0.95 confint
2019-11-04,Pred,0,Pred
2019-11-04,lower.confint,-0.124697791353334,0.95 confint
2019-11-04,upper.confint,0.124697791353334,0.95 confint
2019-11-05,Pred,0,Pred
2019-11-05,lower.confint,-0.11952209986037,0.95 confint
2019-11-05,upper.confint,0.11952209986037,0.95 confint
2019-11-06,Pred,0,Pred
2019-11-06,lower.confint,-0.113115162746584,0.95 confint
2019-11-06,upper.confint,0.113115162746584,0.95 confint
2019-11-07,Pred,0,Pred
2019-11-07,lower.confint,-0.106673572852078,0.95 confint
2019-11-07,upper.confint,0.106673572852078,0.95 confint
2019-11-08,Pred,0,Pred
2019-11-08,lower.confint,-0.102052374788486,0.95 confint
2019-11-08,upper.confint,0.102052374788486,0.95 confint
2019-11-09,Pred,0,Pred
2019-11-09,lower.confint,-0.10941902908664,0.95 confint
2019-11-09,upper.confint,0.10941902908664,0.95 confint
2019-11-10,Pred,0,Pred
2019-11-10,lower.confint,-0.103317572956566,0.95 confint
2019-11-10,upper.confint,0.103317572956566,0.95 confint
2019-11-11,Pred,0,Pred
2019-11-11,lower.confint,-0.101606511778871,0.95 confint
2019-11-11,upper.confint,0.101606511778871,0.95 confint
2019-11-12,Pred,0,Pred
2019-11-12,lower.confint,-0.10315553347683,0.95 confint
2019-11-12,upper.confint,0.10315553347683,0.95 confint
2019-11-13,Pred,0,Pred
2019-11-13,lower.confint,-0.0982105639139441,0.95 confint
2019-11-13,upper.confint,0.0982105639139441,0.95 confint
2019-11-14,Pred,0,Pred
2019-11-14,lower.confint,-0.0931151100613876,0.95 confint
2019-11-14,upper.confint,0.0931151100613876,0.95 confint
2019-11-15,Pred,0,Pred
2019-11-15,lower.confint,-0.0896912172581189,0.95 confint
2019-11-15,upper.confint,0.0896912172581189,0.95 confint
2019-11-16,Pred,0,Pred
2019-11-16,lower.confint,-0.0875812700485731,0.95 confint
2019-11-16,upper.confint,0.0875812700485731,0.95 confint
2019-11-17,Pred,0,Pred
2019-11-17,lower.confint,-0.083132285883888,0.95 confint
2019-11-17,upper.confint,0.083132285883888,0.95 confint
2019-11-18,Pred,0,Pred
2019-11-18,lower.confint,-0.0789835406464281,0.95 confint
2019-11-18,upper.confint,0.0789835406464281,0.95 confint
2019-11-19,Pred,0,Pred
2019-11-19,lower.confint,-0.0866989378303495,0.95 confint
2019-11-19,upper.confint,0.0866989378303495,0.95 confint
2019-11-20,Pred,0,Pred
2019-11-20,lower.confint,-0.082390870065049,0.95 confint
2019-11-20,upper.confint,0.082390870065049,0.95 confint
2019-11-21,Pred,0,Pred
2019-11-21,lower.confint,-0.0784669963130726,0.95 confint
2019-11-21,upper.confint,0.0784669963130726,0.95 confint
2019-11-22,Pred,0,Pred
2019-11-22,lower.confint,-0.0975456240129617,0.95 confint
2019-11-22,upper.confint,0.0975456240129617,0.95 confint
2019-11-23,Pred,0,Pred
2019-11-23,lower.confint,-0.103007706380085,0.95 confint
2019-11-23,upper.confint,0.103007706380085,0.95 confint
2019-11-24,Pred,0,Pred
2019-11-24,lower.confint,-0.0974749084175497,0.95 confint
2019-11-24,upper.confint,0.0974749084175497,0.95 confint
2019-11-25,Pred,0,Pred
2019-11-25,lower.confint,-0.112720093796516,0.95 confint
2019-11-25,upper.confint,0.112720093796516,0.95 confint
2019-11-26,Pred,0,Pred
2019-11-26,lower.confint,-0.111324044139054,0.95 confint
2019-11-26,upper.confint,0.111324044139054,0.95 confint
2019-11-27,Pred,0,Pred
2019-11-27,lower.confint,-0.105102825850209,0.95 confint
2019-11-27,upper.confint,0.105102825850209,0.95 confint
2019-11-28,Pred,0,Pred
2019-11-28,lower.confint,-0.113716791803427,0.95 confint
2019-11-28,upper.confint,0.113716791803427,0.95 confint
2019-11-29,Pred,0,Pred
2019-11-29,lower.confint,-0.108709318051003,0.95 confint
2019-11-29,upper.confint,0.108709318051003,0.95 confint
2019-11-30,Pred,0,Pred
2019-11-30,lower.confint,-0.112974852940549,0.95 confint
2019-11-30,upper.confint,0.112974852940549,0.95 confint
2019-12-01,Pred,0,Pred
2019-12-01,lower.confint,-0.110068208171449,0.95 confint
2019-12-01,upper.confint,0.110068208171449,0.95 confint
2019-12-02,Pred,0,Pred
2019-12-02,lower.confint,-0.105668778102603,0.95 confint
2019-12-02,upper.confint,0.105668778102603,0.95 confint
2019-12-03,Pred,0,Pred
2019-12-03,lower.confint,-0.100788528212704,0.95 confint
2019-12-03,upper.confint,0.100788528212704,0.95 confint
2019-12-04,Pred,0,Pred
2019-12-04,lower.confint,-0.0953141240035088,0.95 confint
2019-12-04,upper.confint,0.0953141240035088,0.95 confint
2019-12-05,Pred,0,Pred
2019-12-05,lower.confint,-0.0916627668834504,0.95 confint
2019-12-05,upper.confint,0.0916627668834504,0.95 confint
2019-12-06,Pred,0,Pred
2019-12-06,lower.confint,-0.0917559633989642,0.95 confint
2019-12-06,upper.confint,0.0917559633989642,0.95 confint
2019-12-07,Pred,0,Pred
2019-12-07,lower.confint,-0.0903067842827488,0.95 confint
2019-12-07,upper.confint,0.0903067842827488,0.95 confint
2019-12-08,Pred,0,Pred
2019-12-08,lower.confint,-0.0860092118804013,0.95 confint
2019-12-08,upper.confint,0.0860092118804013,0.95 confint
2019-12-09,Pred,0,Pred
2019-12-09,lower.confint,-0.0816997248671939,0.95 confint
2019-12-09,upper.confint,0.0816997248671939,0.95 confint
2019-12-10,Pred,0,Pred
2019-12-10,lower.confint,-0.0821791756698474,0.95 confint
2019-12-10,upper.confint,0.0821791756698474,0.95 confint
2019-12-11,Pred,0,Pred
2019-12-11,lower.confint,-0.0799840786079624,0.95 confint
2019-12-11,upper.confint,0.0799840786079624,0.95 confint
2019-12-12,Pred,0,Pred
2019-12-12,lower.confint,-0.0766274133652608,0.95 confint
2019-12-12,upper.confint,0.0766274133652608,0.95 confint
2019-12-13,Pred,0,Pred
2019-12-13,lower.confint,-0.074015088575054,0.95 confint
2019-12-13,upper.confint,0.074015088575054,0.95 confint
2019-12-14,Pred,0,Pred
2019-12-14,lower.confint,-0.0711293328931052,0.95 confint
2019-12-14,upper.confint,0.0711293328931052,0.95 confint
2019-12-15,Pred,0,Pred
2019-12-15,lower.confint,-0.0736155902351575,0.95 confint
2019-12-15,upper.confint,0.0736155902351575,0.95 confint
2019-12-16,Pred,0,Pred
2019-12-16,lower.confint,-0.0707238020943625,0.95 confint
2019-12-16,upper.confint,0.0707238020943625,0.95 confint
2019-12-17,Pred,0,Pred
2019-12-17,lower.confint,-0.076399804892193,0.95 confint
2019-12-17,upper.confint,0.076399804892193,0.95 confint
2019-12-18,Pred,0,Pred
2019-12-18,lower.confint,-0.0834060220424852,0.95 confint
2019-12-18,upper.confint,0.0834060220424852,0.95 confint
2019-12-19,Pred,0,Pred
2019-12-19,lower.confint,-0.131747366766729,0.95 confint
2019-12-19,upper.confint,0.131747366766729,0.95 confint
2019-12-20,Pred,0,Pred
2019-12-20,lower.confint,-0.126826546105994,0.95 confint
2019-12-20,upper.confint,0.126826546105994,0.95 confint
2019-12-21,Pred,0,Pred
2019-12-21,lower.confint,-0.119420343692395,0.95 confint
2019-12-21,upper.confint,0.119420343692395,0.95 confint
2019-12-22,Pred,0,Pred
2019-12-22,lower.confint,-0.112666725661363,0.95 confint
2019-12-22,upper.confint,0.112666725661363,0.95 confint
2019-12-23,Pred,0,Pred
2019-12-23,lower.confint,-0.121593395937854,0.95 confint
2019-12-23,upper.confint,0.121593395937854,0.95 confint
2019-12-24,Pred,0,Pred
2019-12-24,lower.confint,-0.119209476675975,0.95 confint
2019-12-24,upper.confint,0.119209476675975,0.95 confint
2019-12-25,Pred,0,Pred
2019-12-25,lower.confint,-0.112579865905671,0.95 confint
2019-12-25,upper.confint,0.112579865905671,0.95 confint
2019-12-26,Pred,0,Pred
2019-12-26,lower.confint,-0.106564880152126,0.95 confint
2019-12-26,upper.confint,0.106564880152126,0.95 confint
2019-12-27,Pred,0,Pred
2019-12-27,lower.confint,-0.100578009274677,0.95 confint
2019-12-27,upper.confint,0.100578009274677,0.95 confint
2019-12-28,Pred,0,Pred
2019-12-28,lower.confint,-0.0953746320795375,0.95 confint
2019-12-28,upper.confint,0.0953746320795375,0.95 confint
2019-12-29,Pred,0,Pred
2019-12-29,lower.confint,-0.0906486698867946,0.95 confint
2019-12-29,upper.confint,0.0906486698867946,0.95 confint
2019-12-30,Pred,0,Pred
2019-12-30,lower.confint,-0.0866139302390854,0.95 confint
2019-12-30,upper.confint,0.0866139302390854,0.95 confint
2019-12-31,Pred,0,Pred
2019-12-31,lower.confint,-0.0867016145651444,0.95 confint
2019-12-31,upper.confint,0.0867016145651444,0.95 confint
2020-01-01,Pred,0,Pred
2020-01-01,lower.confint,-0.0824507581526571,0.95 confint
2020-01-01,upper.confint,0.0824507581526571,0.95 confint
2020-01-02,Pred,0,Pred
2020-01-02,lower.confint,-0.0784471139123804,0.95 confint
2020-01-02,upper.confint,0.0784471139123804,0.95 confint
2020-01-03,Pred,0,Pred
2020-01-03,lower.confint,-0.0824111163452116,0.95 confint
2020-01-03,upper.confint,0.0824111163452116,0.95 confint
2020-01-04,Pred,0,Pred
2020-01-04,lower.confint,-0.0977657043167334,0.95 confint
2020-01-04,upper.confint,0.0977657043167334,0.95 confint
2020-01-05,Pred,0,Pred
2020-01-05,lower.confint,-0.092507138705704,0.95 confint
2020-01-05,upper.confint,0.092507138705704,0.95 confint
2020-01-06,Pred,0,Pred
2020-01-06,lower.confint,-0.0876367544877279,0.95 confint
2020-01-06,upper.confint,0.0876367544877279,0.95 confint
2020-01-07,Pred,0,Pred
2020-01-07,lower.confint,-0.102567442448634,0.95 confint
2020-01-07,upper.confint,0.102567442448634,0.95 confint
2020-01-08,Pred,0,Pred
2020-01-08,lower.confint,-0.110509441663457,0.95 confint
2020-01-08,upper.confint,0.110509441663457,0.95 confint
2020-01-09,Pred,0,Pred
2020-01-09,lower.confint,-0.105724083973477,0.95 confint
2020-01-09,upper.confint,0.105724083973477,0.95 confint
2020-01-10,Pred,0,Pred
2020-01-10,lower.confint,-0.104166838692549,0.95 confint
2020-01-10,upper.confint,0.104166838692549,0.95 confint
2020-01-11,Pred,0,Pred
2020-01-11,lower.confint,-0.11009237420053,0.95 confint
2020-01-11,upper.confint,0.11009237420053,0.95 confint
2020-01-12,Pred,0,Pred
2020-01-12,lower.confint,-0.106546288823749,0.95 confint
2020-01-12,upper.confint,0.106546288823749,0.95 confint
2020-01-13,Pred,0,Pred
2020-01-13,lower.confint,-0.103630728996984,0.95 confint
2020-01-13,upper.confint,0.103630728996984,0.95 confint
2020-01-14,Pred,0,Pred
2020-01-14,lower.confint,-0.0985499770692112,0.95 confint
2020-01-14,upper.confint,0.0985499770692112,0.95 confint
2020-01-15,Pred,0,Pred
2020-01-15,lower.confint,-0.123785368234291,0.95 confint
2020-01-15,upper.confint,0.123785368234291,0.95 confint
2020-01-16,Pred,0,Pred
2020-01-16,lower.confint,-0.116964565479871,0.95 confint
2020-01-16,upper.confint,0.116964565479871,0.95 confint
2020-01-17,Pred,0,Pred
2020-01-17,lower.confint,-0.111022573205835,0.95 confint
2020-01-17,upper.confint,0.111022573205835,0.95 confint
2020-01-18,Pred,0,Pred
2020-01-18,lower.confint,-0.10632053758046,0.95 confint
2020-01-18,upper.confint,0.10632053758046,0.95 confint
2020-01-19,Pred,0,Pred
2020-01-19,lower.confint,-0.100505958297303,0.95 confint
2020-01-19,upper.confint,0.100505958297303,0.95 confint
2020-01-20,Pred,0,Pred
2020-01-20,lower.confint,-0.0978179421844435,0.95 confint
2020-01-20,upper.confint,0.0978179421844435,0.95 confint
2020-01-21,Pred,0,Pred
2020-01-21,lower.confint,-0.093088283308447,0.95 confint
2020-01-21,upper.confint,0.093088283308447,0.95 confint
2020-01-22,Pred,0,Pred
2020-01-22,lower.confint,-0.0890373950105574,0.95 confint
2020-01-22,upper.confint,0.0890373950105574,0.95 confint
2020-01-23,Pred,0,Pred
2020-01-23,lower.confint,-0.0849018264938565,0.95 confint
2020-01-23,upper.confint,0.0849018264938565,0.95 confint
2020-01-24,Pred,0,Pred
2020-01-24,lower.confint,-0.0878283161430985,0.95 confint
2020-01-24,upper.confint,0.0878283161430985,0.95 confint
2020-01-25,Pred,0,Pred
2020-01-25,lower.confint,-0.0835605276736609,0.95 confint
2020-01-25,upper.confint,0.0835605276736609,0.95 confint
2020-01-26,Pred,0,Pred
2020-01-26,lower.confint,-0.0809634529131031,0.95 confint
2020-01-26,upper.confint,0.0809634529131031,0.95 confint
2020-01-27,Pred,0,Pred
2020-01-27,lower.confint,-0.0874064213561786,0.95 confint
2020-01-27,upper.confint,0.0874064213561786,0.95 confint
2020-01-28,Pred,0,Pred
2020-01-28,lower.confint,-0.0892233721540933,0.95 confint
2020-01-28,upper.confint,0.0892233721540933,0.95 confint
2020-01-29,Pred,0,Pred
2020-01-29,lower.confint,-0.103505689367684,0.95 confint
2020-01-29,upper.confint,0.103505689367684,0.95 confint
2020-01-30,Pred,0,Pred
2020-01-30,lower.confint,-0.0992825072622422,0.95 confint
2020-01-30,upper.confint,0.0992825072622422,0.95 confint
2020-01-31,Pred,0,Pred
2020-01-31,lower.confint,-0.0972973852536811,0.95 confint
2020-01-31,upper.confint,0.0972973852536811,0.95 confint
2020-02-01,Pred,0,Pred
2020-02-01,lower.confint,-0.093673455185466,0.95 confint
2020-02-01,upper.confint,0.093673455185466,0.95 confint
2020-02-02,Pred,0,Pred
2020-02-02,lower.confint,-0.088870013971533,0.95 confint
2020-02-02,upper.confint,0.088870013971533,0.95 confint
2020-02-03,Pred,0,Pred
2020-02-03,lower.confint,-0.084660978134635,0.95 confint
2020-02-03,upper.confint,0.084660978134635,0.95 confint
2020-02-04,Pred,0,Pred
2020-02-04,lower.confint,-0.080593551159981,0.95 confint
2020-02-04,upper.confint,0.080593551159981,0.95 confint
2020-02-05,Pred,0,Pred
2020-02-05,lower.confint,-0.0780867990110692,0.95 confint
2020-02-05,upper.confint,0.0780867990110692,0.95 confint
2020-02-06,Pred,0,Pred
2020-02-06,lower.confint,-0.0910938349617345,0.95 confint
2020-02-06,upper.confint,0.0910938349617345,0.95 confint
2020-02-07,Pred,0,Pred
2020-02-07,lower.confint,-0.0878144689021721,0.95 confint
2020-02-07,upper.confint,0.0878144689021721,0.95 confint
2020-02-08,Pred,0,Pred
2020-02-08,lower.confint,-0.0836554552931288,0.95 confint
2020-02-08,upper.confint,0.0836554552931288,0.95 confint
2020-02-09,Pred,0,Pred
2020-02-09,lower.confint,-0.0804957632423115,0.95 confint
2020-02-09,upper.confint,0.0804957632423115,0.95 confint
2020-02-10,Pred,0,Pred
2020-02-10,lower.confint,-0.0815374947071714,0.95 confint
2020-02-10,upper.confint,0.0815374947071714,0.95 confint
2020-02-11,Pred,0,Pred
2020-02-11,lower.confint,-0.0846119626735076,0.95 confint
2020-02-11,upper.confint,0.0846119626735076,0.95 confint
2020-02-12,Pred,0,Pred
2020-02-12,lower.confint,-0.0918546179929481,0.95 confint
2020-02-12,upper.confint,0.0918546179929481,0.95 confint
2020-02-13,Pred,0,Pred
2020-02-13,lower.confint,-0.0875038068025208,0.95 confint
2020-02-13,upper.confint,0.0875038068025208,0.95 confint
2020-02-14,Pred,0,Pred
2020-02-14,lower.confint,-0.0839219313513427,0.95 confint
2020-02-14,upper.confint,0.0839219313513427,0.95 confint
2020-02-15,Pred,0,Pred
2020-02-15,lower.confint,-0.0812057430545778,0.95 confint
2020-02-15,upper.confint,0.0812057430545778,0.95 confint
2020-02-16,Pred,0,Pred
2020-02-16,lower.confint,-0.0917752628343188,0.95 confint
2020-02-16,upper.confint,0.0917752628343188,0.95 confint
2020-02-17,Pred,0,Pred
2020-02-17,lower.confint,-0.0872027290776071,0.95 confint
2020-02-17,upper.confint,0.0872027290776071,0.95 confint
2020-02-18,Pred,0,Pred
2020-02-18,lower.confint,-0.0857349498639717,0.95 confint
2020-02-18,upper.confint,0.0857349498639717,0.95 confint
2020-02-19,Pred,0,Pred
2020-02-19,lower.confint,-0.0958536641014431,0.95 confint
2020-02-19,upper.confint,0.0958536641014431,0.95 confint
2020-02-20,Pred,0,Pred
2020-02-20,lower.confint,-0.110794287978568,0.95 confint
2020-02-20,upper.confint,0.110794287978568,0.95 confint
2020-02-21,Pred,0,Pred
2020-02-21,lower.confint,-0.104802938471908,0.95 confint
2020-02-21,upper.confint,0.104802938471908,0.95 confint
2020-02-22,Pred,0,Pred
2020-02-22,lower.confint,-0.099676865658102,0.95 confint
2020-02-22,upper.confint,0.099676865658102,0.95 confint
2020-02-23,Pred,0,Pred
2020-02-23,lower.confint,-0.0945408519256043,0.95 confint
2020-02-23,upper.confint,0.0945408519256043,0.95 confint
2020-02-24,Pred,0,Pred
2020-02-24,lower.confint,-0.0950894124520093,0.95 confint
2020-02-24,upper.confint,0.0950894124520093,0.95 confint
2020-02-25,Pred,0,Pred
2020-02-25,lower.confint,-0.0955740941967861,0.95 confint
2020-02-25,upper.confint,0.0955740941967861,0.95 confint
2020-02-26,Pred,0,Pred
2020-02-26,lower.confint,-0.0992724064558274,0.95 confint
2020-02-26,upper.confint,0.0992724064558274,0.95 confint
2020-02-27,Pred,0,Pred
2020-02-27,lower.confint,-0.111928452401877,0.95 confint
2020-02-27,upper.confint,0.111928452401877,0.95 confint
2020-02-28,Pred,0,Pred
2020-02-28,lower.confint,-0.105944943198779,0.95 confint
2020-02-28,upper.confint,0.105944943198779,0.95 confint
2020-02-29,Pred,0,Pred
2020-02-29,lower.confint,-0.101044475905,0.95 confint
2020-02-29,upper.confint,0.101044475905,0.95 confint
2020-03-01,Pred,0,Pred
2020-03-01,lower.confint,-0.0977117756460954,0.95 confint
2020-03-01,upper.confint,0.0977117756460954,0.95 confint
2020-03-02,Pred,0,Pred
2020-03-02,lower.confint,-0.0929811983161491,0.95 confint
2020-03-02,upper.confint,0.0929811983161491,0.95 confint
2020-03-03,Pred,0,Pred
2020-03-03,lower.confint,-0.102421719255163,0.95 confint
2020-03-03,upper.confint,0.102421719255163,0.95 confint
2020-03-04,Pred,0,Pred
2020-03-04,lower.confint,-0.0991943194573441,0.95 confint
2020-03-04,upper.confint,0.0991943194573441,0.95 confint
2020-03-05,Pred,0,Pred
2020-03-05,lower.confint,-0.094103912484735,0.95 confint
2020-03-05,upper.confint,0.094103912484735,0.95 confint
2020-03-06,Pred,0,Pred
2020-03-06,lower.confint,-0.0955744539093206,0.95 confint
2020-03-06,upper.confint,0.0955744539093206,0.95 confint
2020-03-07,Pred,0,Pred
2020-03-07,lower.confint,-0.0916204163623146,0.95 confint
2020-03-07,upper.confint,0.0916204163623146,0.95 confint
2020-03-08,Pred,0,Pred
2020-03-08,lower.confint,-0.092822892767827,0.95 confint
2020-03-08,upper.confint,0.092822892767827,0.95 confint
2020-03-09,Pred,0,Pred
2020-03-09,lower.confint,-0.13387875847145,0.95 confint
2020-03-09,upper.confint,0.13387875847145,0.95 confint
2020-03-10,Pred,0,Pred
2020-03-10,lower.confint,-0.127270443286931,0.95 confint
2020-03-10,upper.confint,0.127270443286931,0.95 confint
2020-03-11,Pred,0,Pred
2020-03-11,lower.confint,-0.120361369868424,0.95 confint
2020-03-11,upper.confint,0.120361369868424,0.95 confint
2020-03-12,Pred,0,Pred
2020-03-12,lower.confint,-0.114077765950261,0.95 confint
2020-03-12,upper.confint,0.114077765950261,0.95 confint
2020-03-13,Pred,0,Pred
2020-03-13,lower.confint,-0.500606904448617,0.95 confint
2020-03-13,upper.confint,0.500606904448617,0.95 confint
2020-03-14,Pred,0,Pred
2020-03-14,lower.confint,-0.484301194064621,0.95 confint
2020-03-14,upper.confint,0.484301194064621,0.95 confint
2020-03-15,Pred,0,Pred
2020-03-15,lower.confint,-0.460575497660796,0.95 confint
2020-03-15,upper.confint,0.460575497660796,0.95 confint
2020-03-16,Pred,0,Pred
2020-03-16,lower.confint,-0.432424039545452,0.95 confint
2020-03-16,upper.confint,0.432424039545452,0.95 confint
2020-03-17,Pred,0,Pred
2020-03-17,lower.confint,-0.408297794383231,0.95 confint
2020-03-17,upper.confint,0.408297794383231,0.95 confint
2020-03-18,Pred,0,Pred
2020-03-18,lower.confint,-0.386859419982446,0.95 confint
2020-03-18,upper.confint,0.386859419982446,0.95 confint
2020-03-19,Pred,0,Pred
2020-03-19,lower.confint,-0.362724719790563,0.95 confint
2020-03-19,upper.confint,0.362724719790563,0.95 confint
2020-03-20,Pred,0,Pred
2020-03-20,lower.confint,-0.368524009105882,0.95 confint
2020-03-20,upper.confint,0.368524009105882,0.95 confint
2020-03-21,Pred,0,Pred
2020-03-21,lower.confint,-0.34535778957909,0.95 confint
2020-03-21,upper.confint,0.34535778957909,0.95 confint
2020-03-22,Pred,0,Pred
2020-03-22,lower.confint,-0.323785951849753,0.95 confint
2020-03-22,upper.confint,0.323785951849753,0.95 confint
2020-03-23,Pred,0,Pred
2020-03-23,lower.confint,-0.310566087341671,0.95 confint
2020-03-23,upper.confint,0.310566087341671,0.95 confint
2020-03-24,Pred,0,Pred
2020-03-24,lower.confint,-0.320367915355651,0.95 confint
2020-03-24,upper.confint,0.320367915355651,0.95 confint
2020-03-25,Pred,0,Pred
2020-03-25,lower.confint,-0.301349808359673,0.95 confint
2020-03-25,upper.confint,0.301349808359673,0.95 confint
2020-03-26,Pred,0,Pred
2020-03-26,lower.confint,-0.282545656292618,0.95 confint
2020-03-26,upper.confint,0.282545656292618,0.95 confint
2020-03-27,Pred,0,Pred
2020-03-27,lower.confint,-0.26497988490088,0.95 confint
2020-03-27,upper.confint,0.26497988490088,0.95 confint
2020-03-28,Pred,0,Pred
2020-03-28,lower.confint,-0.258768411148527,0.95 confint
2020-03-28,upper.confint,0.258768411148527,0.95 confint
2020-03-29,Pred,0,Pred
2020-03-29,lower.confint,-0.244564261986308,0.95 confint
2020-03-29,upper.confint,0.244564261986308,0.95 confint
2020-03-30,Pred,0,Pred
2020-03-30,lower.confint,-0.23835216415574,0.95 confint
2020-03-30,upper.confint,0.23835216415574,0.95 confint
2020-03-31,Pred,0,Pred
2020-03-31,lower.confint,-0.239502595886374,0.95 confint
2020-03-31,upper.confint,0.239502595886374,0.95 confint
2020-04-01,Pred,0,Pred
2020-04-01,lower.confint,-0.225104888329799,0.95 confint
2020-04-01,upper.confint,0.225104888329799,0.95 confint
2020-04-02,Pred,0,Pred
2020-04-02,lower.confint,-0.216278788598058,0.95 confint
2020-04-02,upper.confint,0.216278788598058,0.95 confint
2020-04-03,Pred,0,Pred
2020-04-03,lower.confint,-0.203623518677412,0.95 confint
2020-04-03,upper.confint,0.203623518677412,0.95 confint
2020-04-04,Pred,0,Pred
2020-04-04,lower.confint,-0.191750467871086,0.95 confint
2020-04-04,upper.confint,0.191750467871086,0.95 confint
2020-04-05,Pred,0,Pred
2020-04-05,lower.confint,-0.182241979251929,0.95 confint
2020-04-05,upper.confint,0.182241979251929,0.95 confint
2020-04-06,Pred,0,Pred
2020-04-06,lower.confint,-0.172467164892964,0.95 confint
2020-04-06,upper.confint,0.172467164892964,0.95 confint
2020-04-07,Pred,0,Pred
2020-04-07,lower.confint,-0.180804063448582,0.95 confint
2020-04-07,upper.confint,0.180804063448582,0.95 confint
2020-04-08,Pred,0,Pred
2020-04-08,lower.confint,-0.171010177396708,0.95 confint
2020-04-08,upper.confint,0.171010177396708,0.95 confint
2020-04-09,Pred,0,Pred
2020-04-09,lower.confint,-0.16229240157106,0.95 confint
2020-04-09,upper.confint,0.16229240157106,0.95 confint
2020-04-10,Pred,0,Pred
2020-04-10,lower.confint,-0.153110322585147,0.95 confint
2020-04-10,upper.confint,0.153110322585147,0.95 confint
2020-04-11,Pred,0,Pred
2020-04-11,lower.confint,-0.155880047917053,0.95 confint
2020-04-11,upper.confint,0.155880047917053,0.95 confint
2020-04-12,Pred,0,Pred
2020-04-12,lower.confint,-0.146978975952136,0.95 confint
2020-04-12,upper.confint,0.146978975952136,0.95 confint
2020-04-13,Pred,0,Pred
2020-04-13,lower.confint,-0.138766148182134,0.95 confint
2020-04-13,upper.confint,0.138766148182134,0.95 confint
2020-04-14,Pred,0,Pred
2020-04-14,lower.confint,-0.13105740063335,0.95 confint
2020-04-14,upper.confint,0.13105740063335,0.95 confint
2020-04-15,Pred,0,Pred
2020-04-15,lower.confint,-0.123884835589856,0.95 confint
2020-04-15,upper.confint,0.123884835589856,0.95 confint
2020-04-16,Pred,0,Pred
2020-04-16,lower.confint,-0.125390880848963,0.95 confint
2020-04-16,upper.confint,0.125390880848963,0.95 confint
2020-04-17,Pred,0,Pred
2020-04-17,lower.confint,-0.144576065673392,0.95 confint
2020-04-17,upper.confint,0.144576065673392,0.95 confint
2020-04-18,Pred,0,Pred
2020-04-18,lower.confint,-0.136815588180089,0.95 confint
2020-04-18,upper.confint,0.136815588180089,0.95 confint
2020-04-19,Pred,0,Pred
2020-04-19,lower.confint,-0.132963655130263,0.95 confint
2020-04-19,upper.confint,0.132963655130263,0.95 confint
2020-04-20,Pred,0,Pred
2020-04-20,lower.confint,-0.127401961304856,0.95 confint
2020-04-20,upper.confint,0.127401961304856,0.95 confint
2020-04-21,Pred,0,Pred
2020-04-21,lower.confint,-0.128077536510117,0.95 confint
2020-04-21,upper.confint,0.128077536510117,0.95 confint
2020-04-22,Pred,0,Pred
2020-04-22,lower.confint,-0.121128537698763,0.95 confint
2020-04-22,upper.confint,0.121128537698763,0.95 confint
2020-04-23,Pred,0,Pred
2020-04-23,lower.confint,-0.121896662003146,0.95 confint
2020-04-23,upper.confint,0.121896662003146,0.95 confint
2020-04-24,Pred,0,Pred
2020-04-24,lower.confint,-0.124953922703917,0.95 confint
2020-04-24,upper.confint,0.124953922703917,0.95 confint
2020-04-25,Pred,0,Pred
2020-04-25,lower.confint,-0.118050045085622,0.95 confint
2020-04-25,upper.confint,0.118050045085622,0.95 confint
2020-04-26,Pred,0,Pred
2020-04-26,lower.confint,-0.111604397927888,0.95 confint
2020-04-26,upper.confint,0.111604397927888,0.95 confint
2020-04-27,Pred,0,Pred
2020-04-27,lower.confint,-0.110327184225933,0.95 confint
2020-04-27,upper.confint,0.110327184225933,0.95 confint
2020-04-28,Pred,0,Pred
2020-04-28,lower.confint,-0.104445595090377,0.95 confint
2020-04-28,upper.confint,0.104445595090377,0.95 confint
2020-04-29,Pred,0,Pred
2020-04-29,lower.confint,-0.09902432592197,0.95 confint
2020-04-29,upper.confint,0.09902432592197,0.95 confint
2020-04-30,Pred,0,Pred
2020-04-30,lower.confint,-0.160497404106656,0.95 confint
2020-04-30,upper.confint,0.160497404106656,0.95 confint
2020-05-01,Pred,0,Pred
2020-05-01,lower.confint,-0.151787080032098,0.95 confint
2020-05-01,upper.confint,0.151787080032098,0.95 confint
2020-05-02,Pred,0,Pred
2020-05-02,lower.confint,-0.144133106214851,0.95 confint
2020-05-02,upper.confint,0.144133106214851,0.95 confint
2020-05-03,Pred,0,Pred
2020-05-03,lower.confint,-0.137343151404639,0.95 confint
2020-05-03,upper.confint,0.137343151404639,0.95 confint
2020-05-04,Pred,0,Pred
2020-05-04,lower.confint,-0.129704727092954,0.95 confint
2020-05-04,upper.confint,0.129704727092954,0.95 confint
2020-05-05,Pred,0,Pred
2020-05-05,lower.confint,-0.122353261727776,0.95 confint
2020-05-05,upper.confint,0.122353261727776,0.95 confint
2020-05-06,Pred,0,Pred
2020-05-06,lower.confint,-0.116675373491593,0.95 confint
2020-05-06,upper.confint,0.116675373491593,0.95 confint
2020-05-07,Pred,0,Pred
2020-05-07,lower.confint,-0.110846587561158,0.95 confint
2020-05-07,upper.confint,0.110846587561158,0.95 confint
2020-05-08,Pred,0,Pred
2020-05-08,lower.confint,-0.142915260652897,0.95 confint
2020-05-08,upper.confint,0.142915260652897,0.95 confint
2020-05-09,Pred,0,Pred
2020-05-09,lower.confint,-0.136565491932802,0.95 confint
2020-05-09,upper.confint,0.136565491932802,0.95 confint
2020-05-10,Pred,0,Pred
2020-05-10,lower.confint,-0.131245140073648,0.95 confint
2020-05-10,upper.confint,0.131245140073648,0.95 confint
2020-05-11,Pred,0,Pred
2020-05-11,lower.confint,-0.153265669146006,0.95 confint
2020-05-11,upper.confint,0.153265669146006,0.95 confint
2020-05-12,Pred,0,Pred
2020-05-12,lower.confint,-0.146576902920246,0.95 confint
2020-05-12,upper.confint,0.146576902920246,0.95 confint
2020-05-13,Pred,0,Pred
2020-05-13,lower.confint,-0.141344401981003,0.95 confint
2020-05-13,upper.confint,0.141344401981003,0.95 confint
2020-05-14,Pred,0,Pred
2020-05-14,lower.confint,-0.146659900685868,0.95 confint
2020-05-14,upper.confint,0.146659900685868,0.95 confint
2020-05-15,Pred,0,Pred
2020-05-15,lower.confint,-0.147894132342405,0.95 confint
2020-05-15,upper.confint,0.147894132342405,0.95 confint
2020-05-16,Pred,0,Pred
2020-05-16,lower.confint,-0.149152097137712,0.95 confint
2020-05-16,upper.confint,0.149152097137712,0.95 confint
2020-05-17,Pred,0,Pred
2020-05-17,lower.confint,-0.140370506756722,0.95 confint
2020-05-17,upper.confint,0.140370506756722,0.95 confint
2020-05-18,Pred,0,Pred
2020-05-18,lower.confint,-0.13788187188881,0.95 confint
2020-05-18,upper.confint,0.13788187188881,0.95 confint
2020-05-19,Pred,0,Pred
2020-05-19,lower.confint,-0.130202398953552,0.95 confint
2020-05-19,upper.confint,0.130202398953552,0.95 confint
2020-05-20,Pred,0,Pred
2020-05-20,lower.confint,-0.123149143555966,0.95 confint
2020-05-20,upper.confint,0.123149143555966,0.95 confint
2020-05-21,Pred,0,Pred
2020-05-21,lower.confint,-0.120547434553208,0.95 confint
2020-05-21,upper.confint,0.120547434553208,0.95 confint
2020-05-22,Pred,0,Pred
2020-05-22,lower.confint,-0.125248898603327,0.95 confint
2020-05-22,upper.confint,0.125248898603327,0.95 confint
2020-05-23,Pred,0,Pred
2020-05-23,lower.confint,-0.119432563191924,0.95 confint
2020-05-23,upper.confint,0.119432563191924,0.95 confint
2020-05-24,Pred,0,Pred
2020-05-24,lower.confint,-0.113053996704126,0.95 confint
2020-05-24,upper.confint,0.113053996704126,0.95 confint
2020-05-25,Pred,0,Pred
2020-05-25,lower.confint,-0.12168366434637,0.95 confint
2020-05-25,upper.confint,0.12168366434637,0.95 confint
2020-05-26,Pred,0,Pred
2020-05-26,lower.confint,-0.11803763315967,0.95 confint
2020-05-26,upper.confint,0.11803763315967,0.95 confint
2020-05-27,Pred,0,Pred
2020-05-27,lower.confint,-0.111951899119317,0.95 confint
2020-05-27,upper.confint,0.111951899119317,0.95 confint
2020-05-28,Pred,0,Pred
2020-05-28,lower.confint,-0.114166580921827,0.95 confint
2020-05-28,upper.confint,0.114166580921827,0.95 confint
2020-05-29,Pred,0,Pred
2020-05-29,lower.confint,-0.116697600922615,0.95 confint
2020-05-29,upper.confint,0.116697600922615,0.95 confint
2020-05-30,Pred,0,Pred
2020-05-30,lower.confint,-0.112028812060149,0.95 confint
2020-05-30,upper.confint,0.112028812060149,0.95 confint
2020-05-31,Pred,0,Pred
2020-05-31,lower.confint,-0.109875550678379,0.95 confint
2020-05-31,upper.confint,0.109875550678379,0.95 confint
2020-06-01,Pred,0,Pred
2020-06-01,lower.confint,-0.107699681741762,0.95 confint
2020-06-01,upper.confint,0.107699681741762,0.95 confint
2020-06-02,Pred,0,Pred
2020-06-02,lower.confint,-0.131412396759979,0.95 confint
2020-06-02,upper.confint,0.131412396759979,0.95 confint
2020-06-03,Pred,0,Pred
2020-06-03,lower.confint,-0.144787108157845,0.95 confint
2020-06-03,upper.confint,0.144787108157845,0.95 confint
2020-06-04,Pred,0,Pred
2020-06-04,lower.confint,-0.137719993475506,0.95 confint
2020-06-04,upper.confint,0.137719993475506,0.95 confint
2020-06-05,Pred,0,Pred
2020-06-05,lower.confint,-0.130715002775151,0.95 confint
2020-06-05,upper.confint,0.130715002775151,0.95 confint
2020-06-06,Pred,0,Pred
2020-06-06,lower.confint,-0.125984769339628,0.95 confint
2020-06-06,upper.confint,0.125984769339628,0.95 confint
2020-06-07,Pred,0,Pred
2020-06-07,lower.confint,-0.119579024856054,0.95 confint
2020-06-07,upper.confint,0.119579024856054,0.95 confint
2020-06-08,Pred,0,Pred
2020-06-08,lower.confint,-0.113682342510661,0.95 confint
2020-06-08,upper.confint,0.113682342510661,0.95 confint
2020-06-09,Pred,0,Pred
2020-06-09,lower.confint,-0.107988751463584,0.95 confint
2020-06-09,upper.confint,0.107988751463584,0.95 confint
2020-06-10,Pred,0,Pred
2020-06-10,lower.confint,-0.102639467894882,0.95 confint
2020-06-10,upper.confint,0.102639467894882,0.95 confint
2020-06-11,Pred,0,Pred
2020-06-11,lower.confint,-0.0983703585783652,0.95 confint
2020-06-11,upper.confint,0.0983703585783652,0.95 confint
2020-06-12,Pred,0,Pred
2020-06-12,lower.confint,-0.116763634804692,0.95 confint
2020-06-12,upper.confint,0.116763634804692,0.95 confint
2020-06-13,Pred,0,Pred
2020-06-13,lower.confint,-0.113081509373124,0.95 confint
2020-06-13,upper.confint,0.113081509373124,0.95 confint
2020-06-14,Pred,0,Pred
2020-06-14,lower.confint,-0.107328573198261,0.95 confint
2020-06-14,upper.confint,0.107328573198261,0.95 confint
2020-06-15,Pred,0,Pred
2020-06-15,lower.confint,-0.103523120084442,0.95 confint
2020-06-15,upper.confint,0.103523120084442,0.95 confint
2020-06-16,Pred,0,Pred
2020-06-16,lower.confint,-0.0993786901250164,0.95 confint
2020-06-16,upper.confint,0.0993786901250164,0.95 confint
2020-06-17,Pred,0,Pred
2020-06-17,lower.confint,-0.0952395772977989,0.95 confint
2020-06-17,upper.confint,0.0952395772977989,0.95 confint
2020-06-18,Pred,0,Pred
2020-06-18,lower.confint,-0.0911853051749087,0.95 confint
2020-06-18,upper.confint,0.0911853051749087,0.95 confint
2020-06-19,Pred,0,Pred
2020-06-19,lower.confint,-0.0876783581594997,0.95 confint
2020-06-19,upper.confint,0.0876783581594997,0.95 confint
2020-06-20,Pred,0,Pred
2020-06-20,lower.confint,-0.0843620039080906,0.95 confint
2020-06-20,upper.confint,0.0843620039080906,0.95 confint
2020-06-21,Pred,0,Pred
2020-06-21,lower.confint,-0.0812587139680957,0.95 confint
2020-06-21,upper.confint,0.0812587139680957,0.95 confint
2020-06-22,Pred,0,Pred
2020-06-22,lower.confint,-0.0785011252094813,0.95 confint
2020-06-22,upper.confint,0.0785011252094813,0.95 confint
2020-06-23,Pred,0,Pred
2020-06-23,lower.confint,-0.088247161774565,0.95 confint
2020-06-23,upper.confint,0.088247161774565,0.95 confint
2020-06-24,Pred,0,Pred
2020-06-24,lower.confint,-0.0847900454822186,0.95 confint
2020-06-24,upper.confint,0.0847900454822186,0.95 confint
2020-06-25,Pred,0,Pred
2020-06-25,lower.confint,-0.0892632091067632,0.95 confint
2020-06-25,upper.confint,0.0892632091067632,0.95 confint
2020-06-26,Pred,0,Pred
2020-06-26,lower.confint,-0.085514466784007,0.95 confint
2020-06-26,upper.confint,0.085514466784007,0.95 confint
2020-06-27,Pred,0,Pred
2020-06-27,lower.confint,-0.0823158336328854,0.95 confint
2020-06-27,upper.confint,0.0823158336328854,0.95 confint
2020-06-28,Pred,0,Pred
2020-06-28,lower.confint,-0.0809056664740775,0.95 confint
2020-06-28,upper.confint,0.0809056664740775,0.95 confint
2020-06-29,Pred,0,Pred
2020-06-29,lower.confint,-0.0788675610772566,0.95 confint
2020-06-29,upper.confint,0.0788675610772566,0.95 confint
2020-06-30,Pred,0,Pred
2020-06-30,lower.confint,-0.0761752623544925,0.95 confint
2020-06-30,upper.confint,0.0761752623544925,0.95 confint
2020-07-01,Pred,0,Pred
2020-07-01,lower.confint,-0.0736490404328612,0.95 confint
2020-07-01,upper.confint,0.0736490404328612,0.95 confint
2020-07-02,Pred,0,Pred
2020-07-02,lower.confint,-0.0720747319841713,0.95 confint
2020-07-02,upper.confint,0.0720747319841713,0.95 confint
2020-07-03,Pred,0,Pred
2020-07-03,lower.confint,-0.0716137569352892,0.95 confint
2020-07-03,upper.confint,0.0716137569352892,0.95 confint
2020-07-04,Pred,0,Pred
2020-07-04,lower.confint,-0.0692999519486173,0.95 confint
2020-07-04,upper.confint,0.0692999519486173,0.95 confint
2020-07-05,Pred,0,Pred
2020-07-05,lower.confint,-0.0677979321554172,0.95 confint
2020-07-05,upper.confint,0.0677979321554172,0.95 confint
2020-07-06,Pred,0,Pred
2020-07-06,lower.confint,-0.0659330572697763,0.95 confint
2020-07-06,upper.confint,0.0659330572697763,0.95 confint
2020-07-07,Pred,0,Pred
2020-07-07,lower.confint,-0.0686349012024583,0.95 confint
2020-07-07,upper.confint,0.0686349012024583,0.95 confint
2020-07-08,Pred,0,Pred
2020-07-08,lower.confint,-0.0667604455275495,0.95 confint
2020-07-08,upper.confint,0.0667604455275495,0.95 confint
2020-07-09,Pred,0,Pred
2020-07-09,lower.confint,-0.0673903853076557,0.95 confint
2020-07-09,upper.confint,0.0673903853076557,0.95 confint
2020-07-10,Pred,0,Pred
2020-07-10,lower.confint,-0.0690724159891727,0.95 confint
2020-07-10,upper.confint,0.0690724159891727,0.95 confint
2020-07-11,Pred,0,Pred
2020-07-11,lower.confint,-0.0671529699611088,0.95 confint
2020-07-11,upper.confint,0.0671529699611088,0.95 confint
2020-07-12,Pred,0,Pred
2020-07-12,lower.confint,-0.0653640843587993,0.95 confint
2020-07-12,upper.confint,0.0653640843587993,0.95 confint
2020-07-13,Pred,0,Pred
2020-07-13,lower.confint,-0.0639673416556037,0.95 confint
2020-07-13,upper.confint,0.0639673416556037,0.95 confint
2020-07-14,Pred,0,Pred
2020-07-14,lower.confint,-0.062793815530889,0.95 confint
2020-07-14,upper.confint,0.062793815530889,0.95 confint
2020-07-15,Pred,0,Pred
2020-07-15,lower.confint,-0.0611156009739724,0.95 confint
2020-07-15,upper.confint,0.0611156009739724,0.95 confint
2020-07-16,Pred,0,Pred
2020-07-16,lower.confint,-0.0599487682080171,0.95 confint
2020-07-16,upper.confint,0.0599487682080171,0.95 confint
2020-07-17,Pred,0,Pred
2020-07-17,lower.confint,-0.0589078481193339,0.95 confint
2020-07-17,upper.confint,0.0589078481193339,0.95 confint
2020-07-18,Pred,0,Pred
2020-07-18,lower.confint,-0.057562014342019,0.95 confint
2020-07-18,upper.confint,0.057562014342019,0.95 confint
2020-07-19,Pred,0,Pred
2020-07-19,lower.confint,-0.056403962630089,0.95 confint
2020-07-19,upper.confint,0.056403962630089,0.95 confint
2020-07-20,Pred,0,Pred
2020-07-20,lower.confint,-0.0555369838514824,0.95 confint
2020-07-20,upper.confint,0.0555369838514824,0.95 confint
2020-07-21,Pred,0,Pred
2020-07-21,lower.confint,-0.0549325580660161,0.95 confint
2020-07-21,upper.confint,0.0549325580660161,0.95 confint
2020-07-22,Pred,0,Pred
2020-07-22,lower.confint,-0.0600302799232305,0.95 confint
2020-07-22,upper.confint,0.0600302799232305,0.95 confint
2020-07-23,Pred,0,Pred
2020-07-23,lower.confint,-0.0607858216967097,0.95 confint
2020-07-23,upper.confint,0.0607858216967097,0.95 confint
2020-07-24,Pred,0,Pred
2020-07-24,lower.confint,-0.0596467114080964,0.95 confint
2020-07-24,upper.confint,0.0596467114080964,0.95 confint
2020-07-25,Pred,0,Pred
2020-07-25,lower.confint,-0.0585396637865227,0.95 confint
2020-07-25,upper.confint,0.0585396637865227,0.95 confint
2020-07-26,Pred,0,Pred
2020-07-26,lower.confint,-0.0595977443890395,0.95 confint
2020-07-26,upper.confint,0.0595977443890395,0.95 confint
2020-07-27,Pred,0,Pred
2020-07-27,lower.confint,-0.0632309026347087,0.95 confint
2020-07-27,upper.confint,0.0632309026347087,0.95 confint
2020-07-28,Pred,0,Pred
2020-07-28,lower.confint,-0.130060957765069,0.95 confint
2020-07-28,upper.confint,0.130060957765069,0.95 confint
2020-07-29,Pred,0,Pred
2020-07-29,lower.confint,-0.123821909993588,0.95 confint
2020-07-29,upper.confint,0.123821909993588,0.95 confint
2020-07-30,Pred,0,Pred
2020-07-30,lower.confint,-0.117980347676732,0.95 confint
2020-07-30,upper.confint,0.117980347676732,0.95 confint
2020-07-31,Pred,0,Pred
2020-07-31,lower.confint,-0.111804021901569,0.95 confint
2020-07-31,upper.confint,0.111804021901569,0.95 confint
2020-08-01,Pred,0,Pred
2020-08-01,lower.confint,-0.107676656426793,0.95 confint
2020-08-01,upper.confint,0.107676656426793,0.95 confint
2020-08-02,Pred,0,Pred
2020-08-02,lower.confint,-0.109231913333913,0.95 confint
2020-08-02,upper.confint,0.109231913333913,0.95 confint
2020-08-03,Pred,0,Pred
2020-08-03,lower.confint,-0.124022792561604,0.95 confint
2020-08-03,upper.confint,0.124022792561604,0.95 confint
2020-08-04,Pred,0,Pred
2020-08-04,lower.confint,-0.118657349872457,0.95 confint
2020-08-04,upper.confint,0.118657349872457,0.95 confint
2020-08-05,Pred,0,Pred
2020-08-05,lower.confint,-0.1124840279583,0.95 confint
2020-08-05,upper.confint,0.1124840279583,0.95 confint
2020-08-06,Pred,0,Pred
2020-08-06,lower.confint,-0.117167036544035,0.95 confint
2020-08-06,upper.confint,0.117167036544035,0.95 confint
2020-08-07,Pred,0,Pred
2020-08-07,lower.confint,-0.111076995520531,0.95 confint
2020-08-07,upper.confint,0.111076995520531,0.95 confint
2020-08-08,Pred,0,Pred
2020-08-08,lower.confint,-0.106425721964456,0.95 confint
2020-08-08,upper.confint,0.106425721964456,0.95 confint
2020-08-09,Pred,0,Pred
2020-08-09,lower.confint,-0.102335299942704,0.95 confint
2020-08-09,upper.confint,0.102335299942704,0.95 confint
2020-08-10,Pred,0,Pred
2020-08-10,lower.confint,-0.0975992300353768,0.95 confint
2020-08-10,upper.confint,0.0975992300353768,0.95 confint
2020-08-11,Pred,0,Pred
2020-08-11,lower.confint,-0.0945965787439682,0.95 confint
2020-08-11,upper.confint,0.0945965787439682,0.95 confint
2020-08-12,Pred,0,Pred
2020-08-12,lower.confint,-0.100749715506317,0.95 confint
2020-08-12,upper.confint,0.100749715506317,0.95 confint
2020-08-13,Pred,0,Pred
2020-08-13,lower.confint,-0.0971232914048852,0.95 confint
2020-08-13,upper.confint,0.0971232914048852,0.95 confint
2020-08-14,Pred,0,Pred
2020-08-14,lower.confint,-0.095302825954322,0.95 confint
2020-08-14,upper.confint,0.095302825954322,0.95 confint
2020-08-15,Pred,0,Pred
2020-08-15,lower.confint,-0.0908621950310648,0.95 confint
2020-08-15,upper.confint,0.0908621950310648,0.95 confint
2020-08-16,Pred,0,Pred
2020-08-16,lower.confint,-0.0869055979622159,0.95 confint
2020-08-16,upper.confint,0.0869055979622159,0.95 confint
2020-08-17,Pred,0,Pred
2020-08-17,lower.confint,-0.0832709054534593,0.95 confint
2020-08-17,upper.confint,0.0832709054534593,0.95 confint
2020-08-18,Pred,0,Pred
2020-08-18,lower.confint,-0.0866684878678904,0.95 confint
2020-08-18,upper.confint,0.0866684878678904,0.95 confint
2020-08-19,Pred,0,Pred
2020-08-19,lower.confint,-0.0877333523211795,0.95 confint
2020-08-19,upper.confint,0.0877333523211795,0.95 confint
2020-08-20,Pred,0,Pred
2020-08-20,lower.confint,-0.0859292058117994,0.95 confint
2020-08-20,upper.confint,0.0859292058117994,0.95 confint
2020-08-21,Pred,0,Pred
2020-08-21,lower.confint,-0.0825383408670444,0.95 confint
2020-08-21,upper.confint,0.0825383408670444,0.95 confint
2020-08-22,Pred,0,Pred
2020-08-22,lower.confint,-0.0841968207880109,0.95 confint
2020-08-22,upper.confint,0.0841968207880109,0.95 confint
2020-08-23,Pred,0,Pred
2020-08-23,lower.confint,-0.0816420938367481,0.95 confint
2020-08-23,upper.confint,0.0816420938367481,0.95 confint
2020-08-24,Pred,0,Pred
2020-08-24,lower.confint,-0.0782443817764971,0.95 confint
2020-08-24,upper.confint,0.0782443817764971,0.95 confint
2020-08-25,Pred,0,Pred
2020-08-25,lower.confint,-0.0757389773383697,0.95 confint
2020-08-25,upper.confint,0.0757389773383697,0.95 confint
2020-08-26,Pred,0,Pred
2020-08-26,lower.confint,-0.082551312374613,0.95 confint
2020-08-26,upper.confint,0.082551312374613,0.95 confint
2020-08-27,Pred,0,Pred
2020-08-27,lower.confint,-0.0799806300947546,0.95 confint
2020-08-27,upper.confint,0.0799806300947546,0.95 confint
2020-08-28,Pred,0,Pred
2020-08-28,lower.confint,-0.0774223762381787,0.95 confint
2020-08-28,upper.confint,0.0774223762381787,0.95 confint
2020-08-29,Pred,0,Pred
2020-08-29,lower.confint,-0.0764436578846299,0.95 confint
2020-08-29,upper.confint,0.0764436578846299,0.95 confint
2020-08-30,Pred,0,Pred
2020-08-30,lower.confint,-0.0737178302116721,0.95 confint
2020-08-30,upper.confint,0.0737178302116721,0.95 confint
2020-08-31,Pred,0,Pred
2020-08-31,lower.confint,-0.0745009061299519,0.95 confint
2020-08-31,upper.confint,0.0745009061299519,0.95 confint
2020-09-01,Pred,0,Pred
2020-09-01,lower.confint,-0.0718502039828879,0.95 confint
2020-09-01,upper.confint,0.0718502039828879,0.95 confint
2020-09-02,Pred,0,Pred
2020-09-02,lower.confint,-0.07248342829748,0.95 confint
2020-09-02,upper.confint,0.07248342829748,0.95 confint
2020-09-03,Pred,0,Pred
2020-09-03,lower.confint,-0.0836338538325791,0.95 confint
2020-09-03,upper.confint,0.0836338538325791,0.95 confint
2020-09-06,Pred,0,Pred
2020-09-06,lower.confint,-0.136750457153478,0.95 confint
2020-09-06,upper.confint,0.136750457153478,0.95 confint
2020-09-07,Pred,0,Pred
2020-09-07,lower.confint,-0.129667941405726,0.95 confint
2020-09-07,upper.confint,0.129667941405726,0.95 confint
2020-09-08,Pred,0,Pred
2020-09-08,lower.confint,-0.123398123987275,0.95 confint
2020-09-08,upper.confint,0.123398123987275,0.95 confint
2020-09-09,Pred,0,Pred
2020-09-09,lower.confint,-0.11985661522105,0.95 confint
2020-09-09,upper.confint,0.11985661522105,0.95 confint
2020-09-10,Pred,0,Pred
2020-09-10,lower.confint,-0.114106720399333,0.95 confint
2020-09-10,upper.confint,0.114106720399333,0.95 confint
2020-09-11,Pred,0,Pred
2020-09-11,lower.confint,-0.108774574524232,0.95 confint
2020-09-11,upper.confint,0.108774574524232,0.95 confint
2020-09-12,Pred,0,Pred
2020-09-12,lower.confint,-0.103401522953871,0.95 confint
2020-09-12,upper.confint,0.103401522953871,0.95 confint
2020-09-13,Pred,0,Pred
2020-09-13,lower.confint,-0.0983809984861542,0.95 confint
2020-09-13,upper.confint,0.0983809984861542,0.95 confint
2020-09-14,Pred,0,Pred
2020-09-14,lower.confint,-0.094245166918505,0.95 confint
2020-09-14,upper.confint,0.094245166918505,0.95 confint
2020-09-15,Pred,0,Pred
2020-09-15,lower.confint,-0.0958883911768371,0.95 confint
2020-09-15,upper.confint,0.0958883911768371,0.95 confint
2020-09-16,Pred,0,Pred
2020-09-16,lower.confint,-0.09194745868031,0.95 confint
2020-09-16,upper.confint,0.09194745868031,0.95 confint
2020-09-17,Pred,0,Pred
2020-09-17,lower.confint,-0.0890524210429456,0.95 confint
2020-09-17,upper.confint,0.0890524210429456,0.95 confint
2020-09-18,Pred,0,Pred
2020-09-18,lower.confint,-0.0850299674958183,0.95 confint
2020-09-18,upper.confint,0.0850299674958183,0.95 confint
2020-09-19,Pred,0,Pred
2020-09-19,lower.confint,-0.0813258851113854,0.95 confint
2020-09-19,upper.confint,0.0813258851113854,0.95 confint
2020-09-20,Pred,0,Pred
2020-09-20,lower.confint,-0.0789050498507155,0.95 confint
2020-09-20,upper.confint,0.0789050498507155,0.95 confint
2020-09-21,Pred,0,Pred
2020-09-21,lower.confint,-0.0772308413650969,0.95 confint
2020-09-21,upper.confint,0.0772308413650969,0.95 confint
2020-09-22,Pred,0,Pred
2020-09-22,lower.confint,-0.0882008114671805,0.95 confint
2020-09-22,upper.confint,0.0882008114671805,0.95 confint
2020-09-23,Pred,0,Pred
2020-09-23,lower.confint,-0.0849754391812247,0.95 confint
2020-09-23,upper.confint,0.0849754391812247,0.95 confint
2020-09-24,Pred,0,Pred
2020-09-24,lower.confint,-0.086513316662755,0.95 confint
2020-09-24,upper.confint,0.086513316662755,0.95 confint
2020-09-25,Pred,0,Pred
2020-09-25,lower.confint,-0.0965101497246612,0.95 confint
2020-09-25,upper.confint,0.0965101497246612,0.95 confint
2020-09-26,Pred,0,Pred
2020-09-26,lower.confint,-0.092173374551168,0.95 confint
2020-09-26,upper.confint,0.092173374551168,0.95 confint
2020-09-27,Pred,0,Pred
2020-09-27,lower.confint,-0.0881217566330732,0.95 confint
2020-09-27,upper.confint,0.0881217566330732,0.95 confint
2020-09-28,Pred,0,Pred
2020-09-28,lower.confint,-0.0845138952463876,0.95 confint
2020-09-28,upper.confint,0.0845138952463876,0.95 confint
2020-09-29,Pred,0,Pred
2020-09-29,lower.confint,-0.0816660381780819,0.95 confint
2020-09-29,upper.confint,0.0816660381780819,0.95 confint
2020-09-30,Pred,0,Pred
2020-09-30,lower.confint,-0.0798956224282841,0.95 confint
2020-09-30,upper.confint,0.0798956224282841,0.95 confint
2020-10-01,Pred,0,Pred
2020-10-01,lower.confint,-0.0769611794630608,0.95 confint
2020-10-01,upper.confint,0.0769611794630608,0.95 confint
2020-10-02,Pred,0,Pred
2020-10-02,lower.confint,-0.0760927493391854,0.95 confint
2020-10-02,upper.confint,0.0760927493391854,0.95 confint
2020-10-03,Pred,0,Pred
2020-10-03,lower.confint,-0.0732711924561178,0.95 confint
2020-10-03,upper.confint,0.0732711924561178,0.95 confint
2020-10-04,Pred,0,Pred
2020-10-04,lower.confint,-0.0707291620122421,0.95 confint
2020-10-04,upper.confint,0.0707291620122421,0.95 confint
2020-10-05,Pred,0,Pred
2020-10-05,lower.confint,-0.0692509969844654,0.95 confint
2020-10-05,upper.confint,0.0692509969844654,0.95 confint
2020-10-06,Pred,0,Pred
2020-10-06,lower.confint,-0.0682416482630639,0.95 confint
2020-10-06,upper.confint,0.0682416482630639,0.95 confint
2020-10-07,Pred,0,Pred
2020-10-07,lower.confint,-0.0688990808701543,0.95 confint
2020-10-07,upper.confint,0.0688990808701543,0.95 confint
2020-10-08,Pred,0,Pred
2020-10-08,lower.confint,-0.0670695606527989,0.95 confint
2020-10-08,upper.confint,0.0670695606527989,0.95 confint
2020-10-09,Pred,0,Pred
2020-10-09,lower.confint,-0.0693021497328314,0.95 confint
2020-10-09,upper.confint,0.0693021497328314,0.95 confint
2020-10-10,Pred,0,Pred
2020-10-10,lower.confint,-0.0681433008056606,0.95 confint
2020-10-10,upper.confint,0.0681433008056606,0.95 confint
2020-10-11,Pred,0,Pred
2020-10-11,lower.confint,-0.0696111042813553,0.95 confint
2020-10-11,upper.confint,0.0696111042813553,0.95 confint
2020-10-12,Pred,0,Pred
2020-10-12,lower.confint,-0.0675799516360247,0.95 confint
2020-10-12,upper.confint,0.0675799516360247,0.95 confint
2020-10-13,Pred,0,Pred
2020-10-13,lower.confint,-0.0670669121984325,0.95 confint
2020-10-13,upper.confint,0.0670669121984325,0.95 confint
2020-10-14,Pred,0,Pred
2020-10-14,lower.confint,-0.0655988440004253,0.95 confint
2020-10-14,upper.confint,0.0655988440004253,0.95 confint
2020-10-15,Pred,0,Pred
2020-10-15,lower.confint,-0.0636604923894146,0.95 confint
2020-10-15,upper.confint,0.0636604923894146,0.95 confint
2020-10-16,Pred,0,Pred
2020-10-16,lower.confint,-0.062324704451547,0.95 confint
2020-10-16,upper.confint,0.062324704451547,0.95 confint
2020-10-17,Pred,0,Pred
2020-10-17,lower.confint,-0.0615778765521076,0.95 confint
2020-10-17,upper.confint,0.0615778765521076,0.95 confint
2020-10-18,Pred,0,Pred
2020-10-18,lower.confint,-0.0599610621068194,0.95 confint
2020-10-18,upper.confint,0.0599610621068194,0.95 confint
2020-10-19,Pred,0,Pred
2020-10-19,lower.confint,-0.0598969765715318,0.95 confint
2020-10-19,upper.confint,0.0598969765715318,0.95 confint
2020-10-20,Pred,0,Pred
2020-10-20,lower.confint,-0.0622015975893275,0.95 confint
2020-10-20,upper.confint,0.0622015975893275,0.95 confint
2020-10-21,Pred,0,Pred
2020-10-21,lower.confint,-0.0618188163271335,0.95 confint
2020-10-21,upper.confint,0.0618188163271335,0.95 confint
2020-10-22,Pred,0,Pred
2020-10-22,lower.confint,-0.096119907453697,0.95 confint
2020-10-22,upper.confint,0.096119907453697,0.95 confint
2020-10-23,Pred,0,Pred
2020-10-23,lower.confint,-0.0923164223225902,0.95 confint
2020-10-23,upper.confint,0.0923164223225902,0.95 confint
2020-10-24,Pred,0,Pred
2020-10-24,lower.confint,-0.0881731037713405,0.95 confint
2020-10-24,upper.confint,0.0881731037713405,0.95 confint
2020-10-25,Pred,0,Pred
2020-10-25,lower.confint,-0.0854175751041399,0.95 confint
2020-10-25,upper.confint,0.0854175751041399,0.95 confint
2020-10-26,Pred,0,Pred
2020-10-26,lower.confint,-0.0819324918096487,0.95 confint
2020-10-26,upper.confint,0.0819324918096487,0.95 confint
2020-10-27,Pred,0,Pred
2020-10-27,lower.confint,-0.0785534839826748,0.95 confint
2020-10-27,upper.confint,0.0785534839826748,0.95 confint
2020-10-28,Pred,0,Pred
2020-10-28,lower.confint,-0.0889599876299444,0.95 confint
2020-10-28,upper.confint,0.0889599876299444,0.95 confint
2020-10-29,Pred,0,Pred
2020-10-29,lower.confint,-0.0906077598151284,0.95 confint
2020-10-29,upper.confint,0.0906077598151284,0.95 confint
2020-10-30,Pred,0,Pred
2020-10-30,lower.confint,-0.0876125689603722,0.95 confint
2020-10-30,upper.confint,0.0876125689603722,0.95 confint
2020-10-31,Pred,0,Pred
2020-10-31,lower.confint,-0.0842820483397815,0.95 confint
2020-10-31,upper.confint,0.0842820483397815,0.95 confint
2020-11-01,Pred,0,Pred
2020-11-01,lower.confint,-0.0815864150941172,0.95 confint
2020-11-01,upper.confint,0.0815864150941172,0.95 confint
2020-11-02,Pred,0,Pred
2020-11-02,lower.confint,-0.0782684399312055,0.95 confint
2020-11-02,upper.confint,0.0782684399312055,0.95 confint
2020-11-03,Pred,0,Pred
2020-11-03,lower.confint,-0.0767481182405115,0.95 confint
2020-11-03,upper.confint,0.0767481182405115,0.95 confint
2020-11-04,Pred,0,Pred
2020-11-04,lower.confint,-0.0815778613910186,0.95 confint
2020-11-04,upper.confint,0.0815778613910186,0.95 confint
2020-11-05,Pred,0,Pred
2020-11-05,lower.confint,-0.0785981858517151,0.95 confint
2020-11-05,upper.confint,0.0785981858517151,0.95 confint
2020-11-06,Pred,0,Pred
2020-11-06,lower.confint,-0.125413405608968,0.95 confint
2020-11-06,upper.confint,0.125413405608968,0.95 confint
2020-11-07,Pred,0,Pred
2020-11-07,lower.confint,-0.118937418546229,0.95 confint
2020-11-07,upper.confint,0.118937418546229,0.95 confint
2020-11-08,Pred,0,Pred
2020-11-08,lower.confint,-0.124244288885674,0.95 confint
2020-11-08,upper.confint,0.124244288885674,0.95 confint
2020-11-09,Pred,0,Pred
2020-11-09,lower.confint,-0.126077661951069,0.95 confint
2020-11-09,upper.confint,0.126077661951069,0.95 confint
2020-11-10,Pred,0,Pred
2020-11-10,lower.confint,-0.11995094888428,0.95 confint
2020-11-10,upper.confint,0.11995094888428,0.95 confint
2020-11-11,Pred,0,Pred
2020-11-11,lower.confint,-0.114551894899298,0.95 confint
2020-11-11,upper.confint,0.114551894899298,0.95 confint
2020-11-12,Pred,0,Pred
2020-11-12,lower.confint,-0.111957448192316,0.95 confint
2020-11-12,upper.confint,0.111957448192316,0.95 confint
2020-11-13,Pred,0,Pred
2020-11-13,lower.confint,-0.112899655667119,0.95 confint
2020-11-13,upper.confint,0.112899655667119,0.95 confint
2020-11-14,Pred,0,Pred
2020-11-14,lower.confint,-0.107411406888689,0.95 confint
2020-11-14,upper.confint,0.107411406888689,0.95 confint
2020-11-15,Pred,0,Pred
2020-11-15,lower.confint,-0.103433084927335,0.95 confint
2020-11-15,upper.confint,0.103433084927335,0.95 confint
2020-11-16,Pred,0,Pred
2020-11-16,lower.confint,-0.0990324883326516,0.95 confint
2020-11-16,upper.confint,0.0990324883326516,0.95 confint
2020-11-17,Pred,0,Pred
2020-11-17,lower.confint,-0.105684752263492,0.95 confint
2020-11-17,upper.confint,0.105684752263492,0.95 confint
2020-11-18,Pred,0,Pred
2020-11-18,lower.confint,-0.114909601175589,0.95 confint
2020-11-18,upper.confint,0.114909601175589,0.95 confint
2020-11-19,Pred,0,Pred
2020-11-19,lower.confint,-0.10957095717791,0.95 confint
2020-11-19,upper.confint,0.10957095717791,0.95 confint
2020-11-20,Pred,0,Pred
2020-11-20,lower.confint,-0.104307944704047,0.95 confint
2020-11-20,upper.confint,0.104307944704047,0.95 confint
2020-11-21,Pred,0,Pred
2020-11-21,lower.confint,-0.111051788463532,0.95 confint
2020-11-21,upper.confint,0.111051788463532,0.95 confint
2020-11-22,Pred,0,Pred
2020-11-22,lower.confint,-0.105685918493918,0.95 confint
2020-11-22,upper.confint,0.105685918493918,0.95 confint
2020-11-23,Pred,0,Pred
2020-11-23,lower.confint,-0.101479141203913,0.95 confint
2020-11-23,upper.confint,0.101479141203913,0.95 confint
2020-11-24,Pred,0,Pred
2020-11-24,lower.confint,-0.0969042039721127,0.95 confint
2020-11-24,upper.confint,0.0969042039721127,0.95 confint
2020-11-25,Pred,0,Pred
2020-11-25,lower.confint,-0.10183017475881,0.95 confint
2020-11-25,upper.confint,0.10183017475881,0.95 confint
2020-11-26,Pred,0,Pred
2020-11-26,lower.confint,-0.100385459839803,0.95 confint
2020-11-26,upper.confint,0.100385459839803,0.95 confint
2020-11-27,Pred,0,Pred
2020-11-27,lower.confint,-0.128693409768216,0.95 confint
2020-11-27,upper.confint,0.128693409768216,0.95 confint
2020-11-28,Pred,0,Pred
2020-11-28,lower.confint,-0.122124861022101,0.95 confint
2020-11-28,upper.confint,0.122124861022101,0.95 confint
2020-11-29,Pred,0,Pred
2020-11-29,lower.confint,-0.12042549580802,0.95 confint
2020-11-29,upper.confint,0.12042549580802,0.95 confint
2020-11-30,Pred,0,Pred
2020-11-30,lower.confint,-0.118052440510243,0.95 confint
2020-11-30,upper.confint,0.118052440510243,0.95 confint
2020-12-01,Pred,0,Pred
2020-12-01,lower.confint,-0.137143723473334,0.95 confint
2020-12-01,upper.confint,0.137143723473334,0.95 confint
2020-12-02,Pred,0,Pred
2020-12-02,lower.confint,-0.139415937712714,0.95 confint
2020-12-02,upper.confint,0.139415937712714,0.95 confint
2020-12-03,Pred,0,Pred
2020-12-03,lower.confint,-0.134570946425179,0.95 confint
2020-12-03,upper.confint,0.134570946425179,0.95 confint
2020-12-04,Pred,0,Pred
2020-12-04,lower.confint,-0.127966260933144,0.95 confint
2020-12-04,upper.confint,0.127966260933144,0.95 confint
2020-12-05,Pred,0,Pred
2020-12-05,lower.confint,-0.127524345071608,0.95 confint
2020-12-05,upper.confint,0.127524345071608,0.95 confint
2020-12-06,Pred,0,Pred
2020-12-06,lower.confint,-0.12361422195478,0.95 confint
2020-12-06,upper.confint,0.12361422195478,0.95 confint
2020-12-07,Pred,0,Pred
2020-12-07,lower.confint,-0.118043444368617,0.95 confint
2020-12-07,upper.confint,0.118043444368617,0.95 confint
2020-12-08,Pred,0,Pred
2020-12-08,lower.confint,-0.112641651406954,0.95 confint
2020-12-08,upper.confint,0.112641651406954,0.95 confint
2020-12-09,Pred,0,Pred
2020-12-09,lower.confint,-0.117352599799071,0.95 confint
2020-12-09,upper.confint,0.117352599799071,0.95 confint
2020-12-10,Pred,0,Pred
2020-12-10,lower.confint,-0.112298682889436,0.95 confint
2020-12-10,upper.confint,0.112298682889436,0.95 confint
2020-12-11,Pred,0,Pred
2020-12-11,lower.confint,-0.107803412037221,0.95 confint
2020-12-11,upper.confint,0.107803412037221,0.95 confint
2020-12-12,Pred,0,Pred
2020-12-12,lower.confint,-0.10350821583403,0.95 confint
2020-12-12,upper.confint,0.10350821583403,0.95 confint
2020-12-13,Pred,0,Pred
2020-12-13,lower.confint,-0.107435712247567,0.95 confint
2020-12-13,upper.confint,0.107435712247567,0.95 confint
2020-12-14,Pred,0,Pred
2020-12-14,lower.confint,-0.103603360521551,0.95 confint
2020-12-14,upper.confint,0.103603360521551,0.95 confint
2020-12-15,Pred,0,Pred
2020-12-15,lower.confint,-0.0990939410615836,0.95 confint
2020-12-15,upper.confint,0.0990939410615836,0.95 confint
2020-12-16,Pred,0,Pred
2020-12-16,lower.confint,-0.0949533985369665,0.95 confint
2020-12-16,upper.confint,0.0949533985369665,0.95 confint
2020-12-17,Pred,0,Pred
2020-12-17,lower.confint,-0.131664029741076,0.95 confint
2020-12-17,upper.confint,0.131664029741076,0.95 confint
2020-12-18,Pred,0,Pred
2020-12-18,lower.confint,-0.141185732923064,0.95 confint
2020-12-18,upper.confint,0.141185732923064,0.95 confint
2020-12-19,Pred,0,Pred
2020-12-19,lower.confint,-0.134589395146231,0.95 confint
2020-12-19,upper.confint,0.134589395146231,0.95 confint
2020-12-20,Pred,0,Pred
2020-12-20,lower.confint,-0.130576631901246,0.95 confint
2020-12-20,upper.confint,0.130576631901246,0.95 confint
2020-12-21,Pred,0,Pred
2020-12-21,lower.confint,-0.124829212313924,0.95 confint
2020-12-21,upper.confint,0.124829212313924,0.95 confint
2020-12-22,Pred,0,Pred
2020-12-22,lower.confint,-0.122094281549026,0.95 confint
2020-12-22,upper.confint,0.122094281549026,0.95 confint
2020-12-23,Pred,0,Pred
2020-12-23,lower.confint,-0.124717069788815,0.95 confint
2020-12-23,upper.confint,0.124717069788815,0.95 confint
2020-12-24,Pred,0,Pred
2020-12-24,lower.confint,-0.12156466113359,0.95 confint
2020-12-24,upper.confint,0.12156466113359,0.95 confint
2020-12-25,Pred,0,Pred
2020-12-25,lower.confint,-0.117795279583323,0.95 confint
2020-12-25,upper.confint,0.117795279583323,0.95 confint
2020-12-26,Pred,0,Pred
2020-12-26,lower.confint,-0.119362189631089,0.95 confint
2020-12-26,upper.confint,0.119362189631089,0.95 confint
2020-12-27,Pred,0,Pred
2020-12-27,lower.confint,-0.133309966497187,0.95 confint
2020-12-27,upper.confint,0.133309966497187,0.95 confint
2020-12-28,Pred,0,Pred
2020-12-28,lower.confint,-0.126643880115407,0.95 confint
2020-12-28,upper.confint,0.126643880115407,0.95 confint
2020-12-29,Pred,0,Pred
2020-12-29,lower.confint,-0.123265307267514,0.95 confint
2020-12-29,upper.confint,0.123265307267514,0.95 confint
2020-12-30,Pred,0,Pred
2020-12-30,lower.confint,-0.117819639790789,0.95 confint
2020-12-30,upper.confint,0.117819639790789,0.95 confint
2020-12-31,Pred,0,Pred
2020-12-31,lower.confint,-0.124512119748064,0.95 confint
2020-12-31,upper.confint,0.124512119748064,0.95 confint
2021-01-01,Pred,0,Pred
2021-01-01,lower.confint,-0.118305749427175,0.95 confint
2021-01-01,upper.confint,0.118305749427175,0.95 confint
2021-01-02,Pred,0,Pred
2021-01-02,lower.confint,-0.113168739786055,0.95 confint
2021-01-02,upper.confint,0.113168739786055,0.95 confint
2021-01-03,Pred,0,Pred
2021-01-03,lower.confint,-0.142220804415003,0.95 confint
2021-01-03,upper.confint,0.142220804415003,0.95 confint
2021-01-04,Pred,0,Pred
2021-01-04,lower.confint,-0.137529951922905,0.95 confint
2021-01-04,upper.confint,0.137529951922905,0.95 confint
2021-01-05,Pred,0,Pred
2021-01-05,lower.confint,-0.1340330204544,0.95 confint
2021-01-05,upper.confint,0.1340330204544,0.95 confint
2021-01-06,Pred,0,Pred
2021-01-06,lower.confint,-0.140875666611944,0.95 confint
2021-01-06,upper.confint,0.140875666611944,0.95 confint
2021-01-07,Pred,0,Pred
2021-01-07,lower.confint,-0.155854570159838,0.95 confint
2021-01-07,upper.confint,0.155854570159838,0.95 confint
2021-01-08,Pred,0,Pred
2021-01-08,lower.confint,-0.162444778474543,0.95 confint
2021-01-08,upper.confint,0.162444778474543,0.95 confint
2021-01-09,Pred,0,Pred
2021-01-09,lower.confint,-0.156126157280667,0.95 confint
2021-01-09,upper.confint,0.156126157280667,0.95 confint
2021-01-10,Pred,0,Pred
2021-01-10,lower.confint,-0.14801555660374,0.95 confint
2021-01-10,upper.confint,0.14801555660374,0.95 confint
2021-01-11,Pred,0,Pred
2021-01-11,lower.confint,-0.15014626716192,0.95 confint
2021-01-11,upper.confint,0.15014626716192,0.95 confint
2021-01-12,Pred,0,Pred
2021-01-12,lower.confint,-0.160920044601791,0.95 confint
2021-01-12,upper.confint,0.160920044601791,0.95 confint
2021-01-13,Pred,0,Pred
2021-01-13,lower.confint,-0.158376481291596,0.95 confint
2021-01-13,upper.confint,0.158376481291596,0.95 confint
2021-01-14,Pred,0,Pred
2021-01-14,lower.confint,-0.180039546855353,0.95 confint
2021-01-14,upper.confint,0.180039546855353,0.95 confint
2021-01-15,Pred,0,Pred
2021-01-15,lower.confint,-0.175583588372803,0.95 confint
2021-01-15,upper.confint,0.175583588372803,0.95 confint
2021-01-16,Pred,0,Pred
2021-01-16,lower.confint,-0.176783089882348,0.95 confint
2021-01-16,upper.confint,0.176783089882348,0.95 confint
2021-01-17,Pred,0,Pred
2021-01-17,lower.confint,-0.169399259924683,0.95 confint
2021-01-17,upper.confint,0.169399259924683,0.95 confint
2021-01-18,Pred,0,Pred
2021-01-18,lower.confint,-0.160238469885719,0.95 confint
2021-01-18,upper.confint,0.160238469885719,0.95 confint
2021-01-19,Pred,0,Pred
2021-01-19,lower.confint,-0.153389726079671,0.95 confint
2021-01-19,upper.confint,0.153389726079671,0.95 confint
2021-01-20,Pred,0,Pred
2021-01-20,lower.confint,-0.148359795804789,0.95 confint
2021-01-20,upper.confint,0.148359795804789,0.95 confint
2021-01-21,Pred,0,Pred
2021-01-21,lower.confint,-0.140567262765945,0.95 confint
2021-01-21,upper.confint,0.140567262765945,0.95 confint
2021-01-22,Pred,0,Pred
2021-01-22,lower.confint,-0.200148115456695,0.95 confint
2021-01-22,upper.confint,0.200148115456695,0.95 confint
2021-01-23,Pred,0,Pred
2021-01-23,lower.confint,-0.201824876466277,0.95 confint
2021-01-23,upper.confint,0.201824876466277,0.95 confint
2021-01-24,Pred,0,Pred
2021-01-24,lower.confint,-0.192482870793144,0.95 confint
2021-01-24,upper.confint,0.192482870793144,0.95 confint
2021-01-25,Pred,0,Pred
2021-01-25,lower.confint,-0.182316302768555,0.95 confint
2021-01-25,upper.confint,0.182316302768555,0.95 confint
2021-01-26,Pred,0,Pred
2021-01-26,lower.confint,-0.172303346694423,0.95 confint
2021-01-26,upper.confint,0.172303346694423,0.95 confint
2021-01-27,Pred,0,Pred
2021-01-27,lower.confint,-0.163815592736969,0.95 confint
2021-01-27,upper.confint,0.163815592736969,0.95 confint
2021-01-28,Pred,0,Pred
2021-01-28,lower.confint,-0.167951883835377,0.95 confint
2021-01-28,upper.confint,0.167951883835377,0.95 confint
2021-01-29,Pred,0,Pred
2021-01-29,lower.confint,-0.183888269582768,0.95 confint
2021-01-29,upper.confint,0.183888269582768,0.95 confint
2021-01-30,Pred,0,Pred
2021-01-30,lower.confint,-0.17539417718824,0.95 confint
2021-01-30,upper.confint,0.17539417718824,0.95 confint
2021-01-31,Pred,0,Pred
2021-01-31,lower.confint,-0.165641689900509,0.95 confint
2021-01-31,upper.confint,0.165641689900509,0.95 confint
2021-02-01,Pred,0,Pred
2021-02-01,lower.confint,-0.160309136736481,0.95 confint
2021-02-01,upper.confint,0.160309136736481,0.95 confint
2021-02-02,Pred,0,Pred
2021-02-02,lower.confint,-0.151957006608481,0.95 confint
2021-02-02,upper.confint,0.151957006608481,0.95 confint
2021-02-03,Pred,0,Pred
2021-02-03,lower.confint,-0.155892276104828,0.95 confint
2021-02-03,upper.confint,0.155892276104828,0.95 confint
2021-02-04,Pred,0,Pred
2021-02-04,lower.confint,-0.160102989170377,0.95 confint
2021-02-04,upper.confint,0.160102989170377,0.95 confint
2021-02-05,Pred,0,Pred
2021-02-05,lower.confint,-0.152498582014845,0.95 confint
2021-02-05,upper.confint,0.152498582014845,0.95 confint
2021-02-06,Pred,0,Pred
2021-02-06,lower.confint,-0.148428671184639,0.95 confint
2021-02-06,upper.confint,0.148428671184639,0.95 confint
2021-02-07,Pred,0,Pred
2021-02-07,lower.confint,-0.141347744429275,0.95 confint
2021-02-07,upper.confint,0.141347744429275,0.95 confint
2021-02-08,Pred,0,Pred
2021-02-08,lower.confint,-0.133834115893604,0.95 confint
2021-02-08,upper.confint,0.133834115893604,0.95 confint
2021-02-09,Pred,0,Pred
2021-02-09,lower.confint,-0.224366570139478,0.95 confint
2021-02-09,upper.confint,0.224366570139478,0.95 confint
2021-02-10,Pred,0,Pred
2021-02-10,lower.confint,-0.211475581984303,0.95 confint
2021-02-10,upper.confint,0.211475581984303,0.95 confint
2021-02-11,Pred,0,Pred
2021-02-11,lower.confint,-0.202957623803765,0.95 confint
2021-02-11,upper.confint,0.202957623803765,0.95 confint
2021-02-12,Pred,0,Pred
2021-02-12,lower.confint,-0.2040035914126,0.95 confint
2021-02-12,upper.confint,0.2040035914126,0.95 confint
2021-02-13,Pred,0,Pred
2021-02-13,lower.confint,-0.192808477539932,0.95 confint
2021-02-13,upper.confint,0.192808477539932,0.95 confint
2021-02-14,Pred,0,Pred
2021-02-14,lower.confint,-0.181988926528556,0.95 confint
2021-02-14,upper.confint,0.181988926528556,0.95 confint
2021-02-15,Pred,0,Pred
2021-02-15,lower.confint,-0.174419825771766,0.95 confint
2021-02-15,upper.confint,0.174419825771766,0.95 confint
2021-02-16,Pred,0,Pred
2021-02-16,lower.confint,-0.165539567549505,0.95 confint
2021-02-16,upper.confint,0.165539567549505,0.95 confint
2021-02-17,Pred,0,Pred
2021-02-17,lower.confint,-0.158902108400529,0.95 confint
2021-02-17,upper.confint,0.158902108400529,0.95 confint
2021-02-18,Pred,0,Pred
2021-02-18,lower.confint,-0.161816138076563,0.95 confint
2021-02-18,upper.confint,0.161816138076563,0.95 confint
2021-02-19,Pred,0,Pred
2021-02-19,lower.confint,-0.154103657723859,0.95 confint
2021-02-19,upper.confint,0.154103657723859,0.95 confint
2021-02-20,Pred,0,Pred
2021-02-20,lower.confint,-0.167117546162424,0.95 confint
2021-02-20,upper.confint,0.167117546162424,0.95 confint
2021-02-21,Pred,0,Pred
2021-02-21,lower.confint,-0.158177902049663,0.95 confint
2021-02-21,upper.confint,0.158177902049663,0.95 confint
2021-02-22,Pred,0,Pred
2021-02-22,lower.confint,-0.152349593550488,0.95 confint
2021-02-22,upper.confint,0.152349593550488,0.95 confint
2021-02-23,Pred,0,Pred
2021-02-23,lower.confint,-0.156679461459861,0.95 confint
2021-02-23,upper.confint,0.156679461459861,0.95 confint
2021-02-24,Pred,0,Pred
2021-02-24,lower.confint,-0.178917677695556,0.95 confint
2021-02-24,upper.confint,0.178917677695556,0.95 confint
2021-02-25,Pred,0,Pred
2021-02-25,lower.confint,-0.17003927247965,0.95 confint
2021-02-25,upper.confint,0.17003927247965,0.95 confint
2021-02-26,Pred,0,Pred
2021-02-26,lower.confint,-0.171418141470262,0.95 confint
2021-02-26,upper.confint,0.171418141470262,0.95 confint
2021-02-27,Pred,0,Pred
2021-02-27,lower.confint,-0.162657374935722,0.95 confint
2021-02-27,upper.confint,0.162657374935722,0.95 confint
2021-02-28,Pred,0,Pred
2021-02-28,lower.confint,-0.154220970220328,0.95 confint
2021-02-28,upper.confint,0.154220970220328,0.95 confint
2021-03-01,Pred,0,Pred
2021-03-01,lower.confint,-0.146723382237362,0.95 confint
2021-03-01,upper.confint,0.146723382237362,0.95 confint
2021-03-02,Pred,0,Pred
2021-03-02,lower.confint,-0.165878982569593,0.95 confint
2021-03-02,upper.confint,0.165878982569593,0.95 confint
2021-03-03,Pred,0,Pred
2021-03-03,lower.confint,-0.159175112208014,0.95 confint
2021-03-03,upper.confint,0.159175112208014,0.95 confint
2021-03-04,Pred,0,Pred
2021-03-04,lower.confint,-0.155064939667937,0.95 confint
2021-03-04,upper.confint,0.155064939667937,0.95 confint
2021-03-05,Pred,0,Pred
2021-03-05,lower.confint,-0.151531280907526,0.95 confint
2021-03-05,upper.confint,0.151531280907526,0.95 confint
2021-03-06,Pred,0,Pred
2021-03-06,lower.confint,-0.144069821967705,0.95 confint
2021-03-06,upper.confint,0.144069821967705,0.95 confint
2021-03-07,Pred,0,Pred
2021-03-07,lower.confint,-0.13660329142357,0.95 confint
2021-03-07,upper.confint,0.13660329142357,0.95 confint
2021-03-08,Pred,0,Pred
2021-03-08,lower.confint,-0.134905768403698,0.95 confint
2021-03-08,upper.confint,0.134905768403698,0.95 confint
2021-03-09,Pred,0,Pred
2021-03-09,lower.confint,-0.131769316156856,0.95 confint
2021-03-09,upper.confint,0.131769316156856,0.95 confint
2021-03-10,Pred,0,Pred
2021-03-10,lower.confint,-0.133615891083083,0.95 confint
2021-03-10,upper.confint,0.133615891083083,0.95 confint
2021-03-11,Pred,0,Pred
2021-03-11,lower.confint,-0.128207294771682,0.95 confint
2021-03-11,upper.confint,0.128207294771682,0.95 confint
2021-03-12,Pred,0,Pred
2021-03-12,lower.confint,-0.12607378744585,0.95 confint
2021-03-12,upper.confint,0.12607378744585,0.95 confint
2021-03-13,Pred,0,Pred
2021-03-13,lower.confint,-0.120454710253986,0.95 confint
2021-03-13,upper.confint,0.120454710253986,0.95 confint
2021-03-14,Pred,0,Pred
2021-03-14,lower.confint,-0.132570991589165,0.95 confint
2021-03-14,upper.confint,0.132570991589165,0.95 confint
2021-03-15,Pred,0,Pred
2021-03-15,lower.confint,-0.129883639707656,0.95 confint
2021-03-15,upper.confint,0.129883639707656,0.95 confint
2021-03-16,Pred,0,Pred
2021-03-16,lower.confint,-0.139342211760992,0.95 confint
2021-03-16,upper.confint,0.139342211760992,0.95 confint
2021-03-17,Pred,0,Pred
2021-03-17,lower.confint,-0.13564433748222,0.95 confint
2021-03-17,upper.confint,0.13564433748222,0.95 confint
2021-03-18,Pred,0,Pred
2021-03-18,lower.confint,-0.133666485951999,0.95 confint
2021-03-18,upper.confint,0.133666485951999,0.95 confint
2021-03-19,Pred,0,Pred
2021-03-19,lower.confint,-0.130082413100923,0.95 confint
2021-03-19,upper.confint,0.130082413100923,0.95 confint
2021-03-20,Pred,0,Pred
2021-03-20,lower.confint,-0.123931114060566,0.95 confint
2021-03-20,upper.confint,0.123931114060566,0.95 confint
2021-03-21,Pred,0,Pred
2021-03-21,lower.confint,-0.117950386767941,0.95 confint
2021-03-21,upper.confint,0.117950386767941,0.95 confint
2021-03-22,Pred,0,Pred
2021-03-22,lower.confint,-0.112891275033884,0.95 confint
2021-03-22,upper.confint,0.112891275033884,0.95 confint
2021-03-23,Pred,0,Pred
2021-03-23,lower.confint,-0.121196762165161,0.95 confint
2021-03-23,upper.confint,0.121196762165161,0.95 confint
2021-03-24,Pred,0,Pred
2021-03-24,lower.confint,-0.115390650877888,0.95 confint
2021-03-24,upper.confint,0.115390650877888,0.95 confint
2021-03-25,Pred,0,Pred
2021-03-25,lower.confint,-0.115805425211915,0.95 confint
2021-03-25,upper.confint,0.115805425211915,0.95 confint
2021-03-26,Pred,0,Pred
2021-03-26,lower.confint,-0.111675968022834,0.95 confint
2021-03-26,upper.confint,0.111675968022834,0.95 confint
2021-03-27,Pred,0,Pred
2021-03-27,lower.confint,-0.128667353818491,0.95 confint
2021-03-27,upper.confint,0.128667353818491,0.95 confint
2021-03-28,Pred,0,Pred
2021-03-28,lower.confint,-0.122865817217022,0.95 confint
2021-03-28,upper.confint,0.122865817217022,0.95 confint
2021-03-29,Pred,0,Pred
2021-03-29,lower.confint,-0.116966456443258,0.95 confint
2021-03-29,upper.confint,0.116966456443258,0.95 confint
2021-03-30,Pred,0,Pred
2021-03-30,lower.confint,-0.115736754714991,0.95 confint
2021-03-30,upper.confint,0.115736754714991,0.95 confint
2021-03-31,Pred,0,Pred
2021-03-31,lower.confint,-0.112026689451165,0.95 confint
2021-03-31,upper.confint,0.112026689451165,0.95 confint
2021-04-01,Pred,0,Pred
2021-04-01,lower.confint,-0.106816577369025,0.95 confint
2021-04-01,upper.confint,0.106816577369025,0.95 confint
2021-04-02,Pred,0,Pred
2021-04-02,lower.confint,-0.101955960527759,0.95 confint
2021-04-02,upper.confint,0.101955960527759,0.95 confint
2021-04-03,Pred,0,Pred
2021-04-03,lower.confint,-0.0975047202278223,0.95 confint
2021-04-03,upper.confint,0.0975047202278223,0.95 confint
2021-04-04,Pred,0,Pred
2021-04-04,lower.confint,-0.10100706220748,0.95 confint
2021-04-04,upper.confint,0.10100706220748,0.95 confint
2021-04-05,Pred,0,Pred
2021-04-05,lower.confint,-0.100018771874427,0.95 confint
2021-04-05,upper.confint,0.100018771874427,0.95 confint
2021-04-06,Pred,0,Pred
2021-04-06,lower.confint,-0.096871717275951,0.95 confint
2021-04-06,upper.confint,0.096871717275951,0.95 confint
2021-04-07,Pred,0,Pred
2021-04-07,lower.confint,-0.094763261191351,0.95 confint
2021-04-07,upper.confint,0.094763261191351,0.95 confint
2021-04-08,Pred,0,Pred
2021-04-08,lower.confint,-0.0973705344909132,0.95 confint
2021-04-08,upper.confint,0.0973705344909132,0.95 confint
2021-04-09,Pred,0,Pred
2021-04-09,lower.confint,-0.100187487825812,0.95 confint
2021-04-09,upper.confint,0.100187487825812,0.95 confint
2021-04-10,Pred,0,Pred
2021-04-10,lower.confint,-0.0958222084359802,0.95 confint
2021-04-10,upper.confint,0.0958222084359802,0.95 confint
2021-04-11,Pred,0,Pred
2021-04-11,lower.confint,-0.0970080127556312,0.95 confint
2021-04-11,upper.confint,0.0970080127556312,0.95 confint
2021-04-12,Pred,0,Pred
2021-04-12,lower.confint,-0.0928669591540748,0.95 confint
2021-04-12,upper.confint,0.0928669591540748,0.95 confint
2021-04-13,Pred,0,Pred
2021-04-13,lower.confint,-0.0890739192375037,0.95 confint
2021-04-13,upper.confint,0.0890739192375037,0.95 confint
2021-04-14,Pred,0,Pred
2021-04-14,lower.confint,-0.103962918688126,0.95 confint
2021-04-14,upper.confint,0.103962918688126,0.95 confint
2021-04-15,Pred,0,Pred
2021-04-15,lower.confint,-0.0995131604765696,0.95 confint
2021-04-15,upper.confint,0.0995131604765696,0.95 confint
2021-04-16,Pred,0,Pred
2021-04-16,lower.confint,-0.0951960166363875,0.95 confint
2021-04-16,upper.confint,0.0951960166363875,0.95 confint
2021-04-17,Pred,0,Pred
2021-04-17,lower.confint,-0.0956689790556939,0.95 confint
2021-04-17,upper.confint,0.0956689790556939,0.95 confint
2021-04-18,Pred,0,Pred
2021-04-18,lower.confint,-0.0938886349089999,0.95 confint
2021-04-18,upper.confint,0.0938886349089999,0.95 confint
2021-04-19,Pred,0,Pred
2021-04-19,lower.confint,-0.110547354412862,0.95 confint
2021-04-19,upper.confint,0.110547354412862,0.95 confint
2021-04-20,Pred,0,Pred
2021-04-20,lower.confint,-0.105935169982847,0.95 confint
2021-04-20,upper.confint,0.105935169982847,0.95 confint
2021-04-21,Pred,0,Pred
2021-04-21,lower.confint,-0.10194787026068,0.95 confint
2021-04-21,upper.confint,0.10194787026068,0.95 confint
2021-04-22,Pred,0,Pred
2021-04-22,lower.confint,-0.107661678183247,0.95 confint
2021-04-22,upper.confint,0.107661678183247,0.95 confint
2021-04-23,Pred,0,Pred
2021-04-23,lower.confint,-0.110964157610045,0.95 confint
2021-04-23,upper.confint,0.110964157610045,0.95 confint
2021-04-24,Pred,0,Pred
2021-04-24,lower.confint,-0.106188049002574,0.95 confint
2021-04-24,upper.confint,0.106188049002574,0.95 confint
2021-04-25,Pred,0,Pred
2021-04-25,lower.confint,-0.103459002162521,0.95 confint
2021-04-25,upper.confint,0.103459002162521,0.95 confint
2021-04-26,Pred,0,Pred
2021-04-26,lower.confint,-0.100414744300973,0.95 confint
2021-04-26,upper.confint,0.100414744300973,0.95 confint
2021-04-27,Pred,0,Pred
2021-04-27,lower.confint,-0.130658269759489,0.95 confint
2021-04-27,upper.confint,0.130658269759489,0.95 confint
2021-04-28,Pred,0,Pred
2021-04-28,lower.confint,-0.126018823564862,0.95 confint
2021-04-28,upper.confint,0.126018823564862,0.95 confint
2021-04-29,Pred,0,Pred
2021-04-29,lower.confint,-0.120016917043676,0.95 confint
2021-04-29,upper.confint,0.120016917043676,0.95 confint
2021-04-30,Pred,0,Pred
2021-04-30,lower.confint,-0.117088515119971,0.95 confint
2021-04-30,upper.confint,0.117088515119971,0.95 confint
2021-05-01,Pred,0,Pred
2021-05-01,lower.confint,-0.132488288282262,0.95 confint
2021-05-01,upper.confint,0.132488288282262,0.95 confint
2021-05-02,Pred,0,Pred
2021-05-02,lower.confint,-0.126110287631459,0.95 confint
2021-05-02,upper.confint,0.126110287631459,0.95 confint
2021-05-03,Pred,0,Pred
2021-05-03,lower.confint,-0.121897924045889,0.95 confint
2021-05-03,upper.confint,0.121897924045889,0.95 confint
2021-05-04,Pred,0,Pred
2021-05-04,lower.confint,-0.116548009400443,0.95 confint
2021-05-04,upper.confint,0.116548009400443,0.95 confint
2021-05-05,Pred,0,Pred
2021-05-05,lower.confint,-0.132449884142035,0.95 confint
2021-05-05,upper.confint,0.132449884142035,0.95 confint
2021-05-06,Pred,0,Pred
2021-05-06,lower.confint,-0.147626531664129,0.95 confint
2021-05-06,upper.confint,0.147626531664129,0.95 confint
2021-05-07,Pred,0,Pred
2021-05-07,lower.confint,-0.1414702948781,0.95 confint
2021-05-07,upper.confint,0.1414702948781,0.95 confint
2021-05-08,Pred,0,Pred
2021-05-08,lower.confint,-0.135439942527099,0.95 confint
2021-05-08,upper.confint,0.135439942527099,0.95 confint
2021-05-09,Pred,0,Pred
2021-05-09,lower.confint,-0.131886625270309,0.95 confint
2021-05-09,upper.confint,0.131886625270309,0.95 confint
2021-05-10,Pred,0,Pred
2021-05-10,lower.confint,-0.126032014026117,0.95 confint
2021-05-10,upper.confint,0.126032014026117,0.95 confint
2021-05-11,Pred,0,Pred
2021-05-11,lower.confint,-0.127177015255391,0.95 confint
2021-05-11,upper.confint,0.127177015255391,0.95 confint
2021-05-12,Pred,0,Pred
2021-05-12,lower.confint,-0.121919861957538,0.95 confint
2021-05-12,upper.confint,0.121919861957538,0.95 confint
2021-05-13,Pred,0,Pred
2021-05-13,lower.confint,-0.181585144827334,0.95 confint
2021-05-13,upper.confint,0.181585144827334,0.95 confint
2021-05-14,Pred,0,Pred
2021-05-14,lower.confint,-0.172662610979746,0.95 confint
2021-05-14,upper.confint,0.172662610979746,0.95 confint
2021-05-15,Pred,0,Pred
2021-05-15,lower.confint,-0.164032571130134,0.95 confint
2021-05-15,upper.confint,0.164032571130134,0.95 confint
2021-05-16,Pred,0,Pred
2021-05-16,lower.confint,-0.166483624797166,0.95 confint
2021-05-16,upper.confint,0.166483624797166,0.95 confint
2021-05-17,Pred,0,Pred
2021-05-17,lower.confint,-0.158408053983662,0.95 confint
2021-05-17,upper.confint,0.158408053983662,0.95 confint
2021-05-18,Pred,0,Pred
2021-05-18,lower.confint,-0.161666905618382,0.95 confint
2021-05-18,upper.confint,0.161666905618382,0.95 confint
2021-05-19,Pred,0,Pred
2021-05-19,lower.confint,-0.154565341336554,0.95 confint
2021-05-19,upper.confint,0.154565341336554,0.95 confint
2021-05-20,Pred,0,Pred
2021-05-20,lower.confint,-0.202141126071688,0.95 confint
2021-05-20,upper.confint,0.202141126071688,0.95 confint
2021-05-21,Pred,0,Pred
2021-05-21,lower.confint,-0.210579039074461,0.95 confint
2021-05-21,upper.confint,0.210579039074461,0.95 confint
2021-05-22,Pred,0,Pred
2021-05-22,lower.confint,-0.215940525970321,0.95 confint
2021-05-22,upper.confint,0.215940525970321,0.95 confint
2021-05-23,Pred,0,Pred
2021-05-23,lower.confint,-0.204718320889245,0.95 confint
2021-05-23,upper.confint,0.204718320889245,0.95 confint
2021-05-24,Pred,0,Pred
2021-05-24,lower.confint,-0.204943126997146,0.95 confint
2021-05-24,upper.confint,0.204943126997146,0.95 confint
2021-05-25,Pred,0,Pred
2021-05-25,lower.confint,-0.2184524057864,0.95 confint
2021-05-25,upper.confint,0.2184524057864,0.95 confint
2021-05-26,Pred,0,Pred
2021-05-26,lower.confint,-0.20727522969745,0.95 confint
2021-05-26,upper.confint,0.20727522969745,0.95 confint
2021-05-27,Pred,0,Pred
2021-05-27,lower.confint,-0.197666121209398,0.95 confint
2021-05-27,upper.confint,0.197666121209398,0.95 confint
2021-05-28,Pred,0,Pred
2021-05-28,lower.confint,-0.188668118132139,0.95 confint
2021-05-28,upper.confint,0.188668118132139,0.95 confint
2021-05-29,Pred,0,Pred
2021-05-29,lower.confint,-0.191408053925674,0.95 confint
2021-05-29,upper.confint,0.191408053925674,0.95 confint
2021-05-30,Pred,0,Pred
2021-05-30,lower.confint,-0.184345008598637,0.95 confint
2021-05-30,upper.confint,0.184345008598637,0.95 confint
2021-05-31,Pred,0,Pred
2021-05-31,lower.confint,-0.176678544225752,0.95 confint
2021-05-31,upper.confint,0.176678544225752,0.95 confint
2021-06-01,Pred,0,Pred
2021-06-01,lower.confint,-0.17304290395611,0.95 confint
2021-06-01,upper.confint,0.17304290395611,0.95 confint
2021-06-02,Pred,0,Pred
2021-06-02,lower.confint,-0.164496739481764,0.95 confint
2021-06-02,upper.confint,0.164496739481764,0.95 confint
2021-06-03,Pred,0,Pred
2021-06-03,lower.confint,-0.157330182849639,0.95 confint
2021-06-03,upper.confint,0.157330182849639,0.95 confint
2021-06-04,Pred,0,Pred
2021-06-04,lower.confint,-0.155604362718881,0.95 confint
2021-06-04,upper.confint,0.155604362718881,0.95 confint
2021-06-05,Pred,0,Pred
2021-06-05,lower.confint,-0.159250286334976,0.95 confint
2021-06-05,upper.confint,0.159250286334976,0.95 confint
2021-06-06,Pred,0,Pred
2021-06-06,lower.confint,-0.155375790538022,0.95 confint
2021-06-06,upper.confint,0.155375790538022,0.95 confint
2021-06-07,Pred,0,Pred
2021-06-07,lower.confint,-0.147806941061245,0.95 confint
2021-06-07,upper.confint,0.147806941061245,0.95 confint
2021-06-08,Pred,0,Pred
2021-06-08,lower.confint,-0.151762810051291,0.95 confint
2021-06-08,upper.confint,0.151762810051291,0.95 confint
2021-06-09,Pred,0,Pred
2021-06-09,lower.confint,-0.144600864303955,0.95 confint
2021-06-09,upper.confint,0.144600864303955,0.95 confint
2021-06-10,Pred,0,Pred
2021-06-10,lower.confint,-0.17481644518212,0.95 confint
2021-06-10,upper.confint,0.17481644518212,0.95 confint
2021-06-11,Pred,0,Pred
2021-06-11,lower.confint,-0.166694706293799,0.95 confint
2021-06-11,upper.confint,0.166694706293799,0.95 confint
2021-06-12,Pred,0,Pred
2021-06-12,lower.confint,-0.158902789200798,0.95 confint
2021-06-12,upper.confint,0.158902789200798,0.95 confint
2021-06-13,Pred,0,Pred
2021-06-13,lower.confint,-0.157355029723504,0.95 confint
2021-06-13,upper.confint,0.157355029723504,0.95 confint
2021-06-14,Pred,0,Pred
2021-06-14,lower.confint,-0.175240857413023,0.95 confint
2021-06-14,upper.confint,0.175240857413023,0.95 confint
2021-06-15,Pred,0,Pred
2021-06-15,lower.confint,-0.169609049457529,0.95 confint
2021-06-15,upper.confint,0.169609049457529,0.95 confint
2021-06-16,Pred,0,Pred
2021-06-16,lower.confint,-0.161241741999816,0.95 confint
2021-06-16,upper.confint,0.161241741999816,0.95 confint
2021-06-17,Pred,0,Pred
2021-06-17,lower.confint,-0.158778096305299,0.95 confint
2021-06-17,upper.confint,0.158778096305299,0.95 confint
2021-06-18,Pred,0,Pred
2021-06-18,lower.confint,-0.151054231707357,0.95 confint
2021-06-18,upper.confint,0.151054231707357,0.95 confint
2021-06-19,Pred,0,Pred
2021-06-19,lower.confint,-0.155300542629391,0.95 confint
2021-06-19,upper.confint,0.155300542629391,0.95 confint
2021-06-20,Pred,0,Pred
2021-06-20,lower.confint,-0.147694031951706,0.95 confint
2021-06-20,upper.confint,0.147694031951706,0.95 confint
2021-06-21,Pred,0,Pred
2021-06-21,lower.confint,-0.140364152387774,0.95 confint
2021-06-21,upper.confint,0.140364152387774,0.95 confint
2021-06-22,Pred,0,Pred
2021-06-22,lower.confint,-0.174488517792211,0.95 confint
2021-06-22,upper.confint,0.174488517792211,0.95 confint
2021-06-23,Pred,0,Pred
2021-06-23,lower.confint,-0.167400979827977,0.95 confint
2021-06-23,upper.confint,0.167400979827977,0.95 confint
2021-06-24,Pred,0,Pred
2021-06-24,lower.confint,-0.162406904158943,0.95 confint
2021-06-24,upper.confint,0.162406904158943,0.95 confint
2021-06-25,Pred,0,Pred
2021-06-25,lower.confint,-0.15696138821631,0.95 confint
2021-06-25,upper.confint,0.15696138821631,0.95 confint
2021-06-26,Pred,0,Pred
2021-06-26,lower.confint,-0.172493832398872,0.95 confint
2021-06-26,upper.confint,0.172493832398872,0.95 confint
2021-06-27,Pred,0,Pred
2021-06-27,lower.confint,-0.164763623570375,0.95 confint
2021-06-27,upper.confint,0.164763623570375,0.95 confint
2021-06-28,Pred,0,Pred
2021-06-28,lower.confint,-0.170307655522243,0.95 confint
2021-06-28,upper.confint,0.170307655522243,0.95 confint
2021-06-29,Pred,0,Pred
2021-06-29,lower.confint,-0.161849512609168,0.95 confint
2021-06-29,upper.confint,0.161849512609168,0.95 confint
2021-06-30,Pred,0,Pred
2021-06-30,lower.confint,-0.15843799764175,0.95 confint
2021-06-30,upper.confint,0.15843799764175,0.95 confint
2021-07-01,Pred,0,Pred
2021-07-01,lower.confint,-0.152758967565467,0.95 confint
2021-07-01,upper.confint,0.152758967565467,0.95 confint
2021-07-02,Pred,0,Pred
2021-07-02,lower.confint,-0.150931051892292,0.95 confint
2021-07-02,upper.confint,0.150931051892292,0.95 confint
2021-07-03,Pred,0,Pred
2021-07-03,lower.confint,-0.143836955054046,0.95 confint
2021-07-03,upper.confint,0.143836955054046,0.95 confint
2021-07-04,Pred,0,Pred
2021-07-04,lower.confint,-0.138746589657207,0.95 confint
2021-07-04,upper.confint,0.138746589657207,0.95 confint
2021-07-05,Pred,0,Pred
2021-07-05,lower.confint,-0.132823506386762,0.95 confint
2021-07-05,upper.confint,0.132823506386762,0.95 confint
2021-07-06,Pred,0,Pred
2021-07-06,lower.confint,-0.132894354436329,0.95 confint
2021-07-06,upper.confint,0.132894354436329,0.95 confint
2021-07-07,Pred,0,Pred
2021-07-07,lower.confint,-0.127480864556504,0.95 confint
2021-07-07,upper.confint,0.127480864556504,0.95 confint
2021-07-08,Pred,0,Pred
2021-07-08,lower.confint,-0.122072999648799,0.95 confint
2021-07-08,upper.confint,0.122072999648799,0.95 confint
2021-07-09,Pred,0,Pred
2021-07-09,lower.confint,-0.119389325474499,0.95 confint
2021-07-09,upper.confint,0.119389325474499,0.95 confint
2021-07-10,Pred,0,Pred
2021-07-10,lower.confint,-0.116781937883651,0.95 confint
2021-07-10,upper.confint,0.116781937883651,0.95 confint
2021-07-11,Pred,0,Pred
2021-07-11,lower.confint,-0.111676266585549,0.95 confint
2021-07-11,upper.confint,0.111676266585549,0.95 confint
2021-07-12,Pred,0,Pred
2021-07-12,lower.confint,-0.108480716223963,0.95 confint
2021-07-12,upper.confint,0.108480716223963,0.95 confint
2021-07-13,Pred,0,Pred
2021-07-13,lower.confint,-0.108680753189048,0.95 confint
2021-07-13,upper.confint,0.108680753189048,0.95 confint
2021-07-14,Pred,0,Pred
2021-07-14,lower.confint,-0.104346621783946,0.95 confint
2021-07-14,upper.confint,0.104346621783946,0.95 confint
2021-07-15,Pred,0,Pred
2021-07-15,lower.confint,-0.0998601030870237,0.95 confint
2021-07-15,upper.confint,0.0998601030870237,0.95 confint
2021-07-16,Pred,0,Pred
2021-07-16,lower.confint,-0.0995151963504365,0.95 confint
2021-07-16,upper.confint,0.0995151963504365,0.95 confint
2021-07-17,Pred,0,Pred
2021-07-17,lower.confint,-0.0964449162459374,0.95 confint
2021-07-17,upper.confint,0.0964449162459374,0.95 confint
2021-07-18,Pred,0,Pred
2021-07-18,lower.confint,-0.0925075383736892,0.95 confint
2021-07-18,upper.confint,0.0925075383736892,0.95 confint
2021-07-19,Pred,0,Pred
2021-07-19,lower.confint,-0.0881079105617625,0.95 confint
2021-07-19,upper.confint,0.0881079105617625,0.95 confint
2021-07-20,Pred,0,Pred
2021-07-20,lower.confint,-0.0891166843068786,0.95 confint
2021-07-20,upper.confint,0.0891166843068786,0.95 confint
2021-07-21,Pred,0,Pred
2021-07-21,lower.confint,-0.0920483726665937,0.95 confint
2021-07-21,upper.confint,0.0920483726665937,0.95 confint
2021-07-22,Pred,0,Pred
2021-07-22,lower.confint,-0.114049609163277,0.95 confint
2021-07-22,upper.confint,0.114049609163277,0.95 confint
2021-07-23,Pred,0,Pred
2021-07-23,lower.confint,-0.109036000981039,0.95 confint
2021-07-23,upper.confint,0.109036000981039,0.95 confint
2021-07-24,Pred,0,Pred
2021-07-24,lower.confint,-0.11167273122505,0.95 confint
2021-07-24,upper.confint,0.11167273122505,0.95 confint
2021-07-25,Pred,0,Pred
2021-07-25,lower.confint,-0.107831671142311,0.95 confint
2021-07-25,upper.confint,0.107831671142311,0.95 confint
2021-07-26,Pred,0,Pred
2021-07-26,lower.confint,-0.107405866972,0.95 confint
2021-07-26,upper.confint,0.107405866972,0.95 confint
2021-07-27,Pred,0,Pred
2021-07-27,lower.confint,-0.114510658772711,0.95 confint
2021-07-27,upper.confint,0.114510658772711,0.95 confint
2021-07-28,Pred,0,Pred
2021-07-28,lower.confint,-0.121672957578198,0.95 confint
2021-07-28,upper.confint,0.121672957578198,0.95 confint
2021-07-29,Pred,0,Pred
2021-07-29,lower.confint,-0.117015614210624,0.95 confint
2021-07-29,upper.confint,0.117015614210624,0.95 confint
2021-07-30,Pred,0,Pred
2021-07-30,lower.confint,-0.111567247351397,0.95 confint
2021-07-30,upper.confint,0.111567247351397,0.95 confint
2021-07-31,Pred,0,Pred
2021-07-31,lower.confint,-0.118140648753598,0.95 confint
2021-07-31,upper.confint,0.118140648753598,0.95 confint
2021-08-01,Pred,0,Pred
2021-08-01,lower.confint,-0.113845553204455,0.95 confint
2021-08-01,upper.confint,0.113845553204455,0.95 confint
2021-08-02,Pred,0,Pred
2021-08-02,lower.confint,-0.115600194446326,0.95 confint
2021-08-02,upper.confint,0.115600194446326,0.95 confint
2021-08-03,Pred,0,Pred
2021-08-03,lower.confint,-0.111470656625784,0.95 confint
2021-08-03,upper.confint,0.111470656625784,0.95 confint
2021-08-04,Pred,0,Pred
2021-08-04,lower.confint,-0.108969036830756,0.95 confint
2021-08-04,upper.confint,0.108969036830756,0.95 confint
2021-08-05,Pred,0,Pred
2021-08-05,lower.confint,-0.110762288798279,0.95 confint
2021-08-05,upper.confint,0.110762288798279,0.95 confint
2021-08-06,Pred,0,Pred
2021-08-06,lower.confint,-0.109380004688925,0.95 confint
2021-08-06,upper.confint,0.109380004688925,0.95 confint
2021-08-07,Pred,0,Pred
2021-08-07,lower.confint,-0.113680499828011,0.95 confint
2021-08-07,upper.confint,0.113680499828011,0.95 confint
2021-08-08,Pred,0,Pred
2021-08-08,lower.confint,-0.114584523281794,0.95 confint
2021-08-08,upper.confint,0.114584523281794,0.95 confint
2021-08-09,Pred,0,Pred
2021-08-09,lower.confint,-0.109972744436959,0.95 confint
2021-08-09,upper.confint,0.109972744436959,0.95 confint
2021-08-10,Pred,0,Pred
2021-08-10,lower.confint,-0.115891800243594,0.95 confint
2021-08-10,upper.confint,0.115891800243594,0.95 confint
2021-08-11,Pred,0,Pred
2021-08-11,lower.confint,-0.111351306828605,0.95 confint
2021-08-11,upper.confint,0.111351306828605,0.95 confint
2021-08-12,Pred,0,Pred
2021-08-12,lower.confint,-0.106281554983259,0.95 confint
2021-08-12,upper.confint,0.106281554983259,0.95 confint
2021-08-13,Pred,0,Pred
2021-08-13,lower.confint,-0.104055591953886,0.95 confint
2021-08-13,upper.confint,0.104055591953886,0.95 confint
2021-08-14,Pred,0,Pred
2021-08-14,lower.confint,-0.121111899829647,0.95 confint
2021-08-14,upper.confint,0.121111899829647,0.95 confint
2021-08-15,Pred,0,Pred
2021-08-15,lower.confint,-0.116244701303432,0.95 confint
2021-08-15,upper.confint,0.116244701303432,0.95 confint
2021-08-16,Pred,0,Pred
2021-08-16,lower.confint,-0.110979740923716,0.95 confint
2021-08-16,upper.confint,0.110979740923716,0.95 confint
2021-08-17,Pred,0,Pred
2021-08-17,lower.confint,-0.10870743815236,0.95 confint
2021-08-17,upper.confint,0.10870743815236,0.95 confint
2021-08-18,Pred,0,Pred
2021-08-18,lower.confint,-0.1070376525071,0.95 confint
2021-08-18,upper.confint,0.1070376525071,0.95 confint
2021-08-19,Pred,0,Pred
2021-08-19,lower.confint,-0.10234912820093,0.95 confint
2021-08-19,upper.confint,0.10234912820093,0.95 confint
2021-08-20,Pred,0,Pred
2021-08-20,lower.confint,-0.106592823727144,0.95 confint
2021-08-20,upper.confint,0.106592823727144,0.95 confint
2021-08-21,Pred,0,Pred
2021-08-21,lower.confint,-0.114544218923155,0.95 confint
2021-08-21,upper.confint,0.114544218923155,0.95 confint
2021-08-22,Pred,0,Pred
2021-08-22,lower.confint,-0.109740892887744,0.95 confint
2021-08-22,upper.confint,0.109740892887744,0.95 confint
2021-08-23,Pred,0,Pred
2021-08-23,lower.confint,-0.1052188068238,0.95 confint
2021-08-23,upper.confint,0.1052188068238,0.95 confint
2021-08-24,Pred,0,Pred
2021-08-24,lower.confint,-0.100680653717251,0.95 confint
2021-08-24,upper.confint,0.100680653717251,0.95 confint
2021-08-25,Pred,0,Pred
2021-08-25,lower.confint,-0.10204197597407,0.95 confint
2021-08-25,upper.confint,0.10204197597407,0.95 confint
2021-08-26,Pred,0,Pred
2021-08-26,lower.confint,-0.100604083411092,0.95 confint
2021-08-26,upper.confint,0.100604083411092,0.95 confint
2021-08-27,Pred,0,Pred
2021-08-27,lower.confint,-0.106073600724252,0.95 confint
2021-08-27,upper.confint,0.106073600724252,0.95 confint
2021-08-28,Pred,0,Pred
2021-08-28,lower.confint,-0.111516446858597,0.95 confint
2021-08-28,upper.confint,0.111516446858597,0.95 confint
2021-08-29,Pred,0,Pred
2021-08-29,lower.confint,-0.106568996406921,0.95 confint
2021-08-29,upper.confint,0.106568996406921,0.95 confint
2021-08-30,Pred,0,Pred
2021-08-30,lower.confint,-0.101979967915556,0.95 confint
2021-08-30,upper.confint,0.101979967915556,0.95 confint
2021-08-31,Pred,0,Pred
2021-08-31,lower.confint,-0.104412279352869,0.95 confint
2021-08-31,upper.confint,0.104412279352869,0.95 confint
2021-09-01,Pred,0,Pred
2021-09-01,lower.confint,-0.099932909929508,0.95 confint
2021-09-01,upper.confint,0.099932909929508,0.95 confint
2021-09-02,Pred,0,Pred
2021-09-02,lower.confint,-0.102422672300122,0.95 confint
2021-09-02,upper.confint,0.102422672300122,0.95 confint
2021-09-03,Pred,0,Pred
2021-09-03,lower.confint,-0.0983171402897992,0.95 confint
2021-09-03,upper.confint,0.0983171402897992,0.95 confint
2021-09-04,Pred,0,Pred
2021-09-04,lower.confint,-0.0950175427834936,0.95 confint
2021-09-04,upper.confint,0.0950175427834936,0.95 confint
2021-09-05,Pred,0,Pred
2021-09-05,lower.confint,-0.0911108638499493,0.95 confint
2021-09-05,upper.confint,0.0911108638499493,0.95 confint
2021-09-06,Pred,0,Pred
2021-09-06,lower.confint,-0.094063193738396,0.95 confint
2021-09-06,upper.confint,0.094063193738396,0.95 confint
2021-09-07,Pred,0,Pred
2021-09-07,lower.confint,-0.0918242314994829,0.95 confint
2021-09-07,upper.confint,0.0918242314994829,0.95 confint
2021-09-08,Pred,0,Pred
2021-09-08,lower.confint,-0.14099550799784,0.95 confint
2021-09-08,upper.confint,0.14099550799784,0.95 confint
2021-09-09,Pred,0,Pred
2021-09-09,lower.confint,-0.135643538636751,0.95 confint
2021-09-09,upper.confint,0.135643538636751,0.95 confint
2021-09-10,Pred,0,Pred
2021-09-10,lower.confint,-0.129537989034296,0.95 confint
2021-09-10,upper.confint,0.129537989034296,0.95 confint
2021-09-11,Pred,0,Pred
2021-09-11,lower.confint,-0.127532085727414,0.95 confint
2021-09-11,upper.confint,0.127532085727414,0.95 confint
2021-09-12,Pred,0,Pred
2021-09-12,lower.confint,-0.121753195187278,0.95 confint
2021-09-12,upper.confint,0.121753195187278,0.95 confint
2021-09-13,Pred,0,Pred
2021-09-13,lower.confint,-0.117680285216882,0.95 confint
2021-09-13,upper.confint,0.117680285216882,0.95 confint
2021-09-14,Pred,0,Pred
2021-09-14,lower.confint,-0.114494167851961,0.95 confint
2021-09-14,upper.confint,0.114494167851961,0.95 confint
2021-09-15,Pred,0,Pred
2021-09-15,lower.confint,-0.117936384160618,0.95 confint
2021-09-15,upper.confint,0.117936384160618,0.95 confint
2021-09-16,Pred,0,Pred
2021-09-16,lower.confint,-0.11443955727963,0.95 confint
2021-09-16,upper.confint,0.11443955727963,0.95 confint
2021-09-17,Pred,0,Pred
2021-09-17,lower.confint,-0.109558007936125,0.95 confint
2021-09-17,upper.confint,0.109558007936125,0.95 confint
2021-09-18,Pred,0,Pred
2021-09-18,lower.confint,-0.105138549067628,0.95 confint
2021-09-18,upper.confint,0.105138549067628,0.95 confint
2021-09-19,Pred,0,Pred
2021-09-19,lower.confint,-0.102443590593924,0.95 confint
2021-09-19,upper.confint,0.102443590593924,0.95 confint
2021-09-20,Pred,0,Pred
2021-09-20,lower.confint,-0.100232460388305,0.95 confint
2021-09-20,upper.confint,0.100232460388305,0.95 confint
2021-09-21,Pred,0,Pred
2021-09-21,lower.confint,-0.131891430957684,0.95 confint
2021-09-21,upper.confint,0.131891430957684,0.95 confint
2021-09-22,Pred,0,Pred
2021-09-22,lower.confint,-0.136544297326053,0.95 confint
2021-09-22,upper.confint,0.136544297326053,0.95 confint
2021-09-23,Pred,0,Pred
2021-09-23,lower.confint,-0.145629513827132,0.95 confint
2021-09-23,upper.confint,0.145629513827132,0.95 confint
2021-09-24,Pred,0,Pred
2021-09-24,lower.confint,-0.141697184276399,0.95 confint
2021-09-24,upper.confint,0.141697184276399,0.95 confint
2021-09-25,Pred,0,Pred
2021-09-25,lower.confint,-0.142319551447623,0.95 confint
2021-09-25,upper.confint,0.142319551447623,0.95 confint
2021-09-26,Pred,0,Pred
2021-09-26,lower.confint,-0.135602559202221,0.95 confint
2021-09-26,upper.confint,0.135602559202221,0.95 confint
2021-09-27,Pred,0,Pred
2021-09-27,lower.confint,-0.12964947035777,0.95 confint
2021-09-27,upper.confint,0.12964947035777,0.95 confint
2021-09-28,Pred,0,Pred
2021-09-28,lower.confint,-0.125368320381982,0.95 confint
2021-09-28,upper.confint,0.125368320381982,0.95 confint
2021-09-29,Pred,0,Pred
2021-09-29,lower.confint,-0.122779182704537,0.95 confint
2021-09-29,upper.confint,0.122779182704537,0.95 confint
2021-09-30,Pred,0,Pred
2021-09-30,lower.confint,-0.117793275022455,0.95 confint
2021-09-30,upper.confint,0.117793275022455,0.95 confint
2021-10-01,Pred,0,Pred
2021-10-01,lower.confint,-0.123776600255855,0.95 confint
2021-10-01,upper.confint,0.123776600255855,0.95 confint
2021-10-02,Pred,0,Pred
2021-10-02,lower.confint,-0.148216209579263,0.95 confint
2021-10-02,upper.confint,0.148216209579263,0.95 confint
2021-10-03,Pred,0,Pred
2021-10-03,lower.confint,-0.141474535768571,0.95 confint
2021-10-03,upper.confint,0.141474535768571,0.95 confint
2021-10-04,Pred,0,Pred
2021-10-04,lower.confint,-0.135184806446444,0.95 confint
2021-10-04,upper.confint,0.135184806446444,0.95 confint
2021-10-05,Pred,0,Pred
2021-10-05,lower.confint,-0.130592496632548,0.95 confint
2021-10-05,upper.confint,0.130592496632548,0.95 confint
2021-10-06,Pred,0,Pred
2021-10-06,lower.confint,-0.131289066277906,0.95 confint
2021-10-06,upper.confint,0.131289066277906,0.95 confint
